Date,Open,High,Low,Close,Adj Close,Volume
11/28/2016,590.125,599.450012,589.049988,592.224976,577.182922,2065090
11/29/2016,592.349976,596.474976,588.25,589.375,574.405273,1966322
11/30/2016,592.5,601,590.549988,599.799988,584.565491,3221420
12/1/2016,601.150024,603.950012,596.5,598.625,583.420288,2238492
12/2/2016,594.5,600.974976,588.349976,594.549988,579.448853,2031336
12/5/2016,593.799988,599.474976,588.25,598.174988,582.98175,2275968
12/6/2016,597.5,601.424988,595.099976,597.224976,582.055908,1351482
12/7/2016,600.924988,602.950012,583.5,590.799988,575.794128,2814096
12/8/2016,593.5,602.775024,593.5,599.75,584.516724,2154848
12/9/2016,599.549988,601.150024,594,599.150024,583.932129,2193976
12/12/2016,596,596.075012,590.549988,592.224976,577.182922,1712636
12/13/2016,590.125,595.174988,589.275024,593.125,578.060059,1263434
12/14/2016,593.5,594,586.700012,587.849976,572.919006,2157072
12/15/2016,582.099976,597.25,581.799988,588.299988,573.357605,2470744
12/16/2016,588.299988,592.5,585.775024,591.150024,576.135193,1627914
12/19/2016,588.400024,589.75,585.25,588.375,573.430603,1580218
12/20/2016,588,592.5,585.849976,590.950012,575.940308,2094996
12/21/2016,592,592.5,587.5,590,575.014404,1329438
12/22/2016,588.200012,589.75,584.200012,586.549988,571.652039,1402858
12/23/2016,585.5,594.625,584.650024,593.125,578.060059,2376258
12/26/2016,589.275024,593.049988,585.049988,587.5,572.577942,2091932
12/27/2016,589.650024,593.450012,586.950012,592.599976,577.548401,2449648
12/28/2016,594.950012,597.474976,590.5,593.375,578.303711,3253920
12/29/2016,592.5,603.974976,590.724976,602.599976,587.294373,4050408
12/30/2016,600,606,599.974976,603.099976,587.781677,2033270
1/2/2017,604.724976,605.049988,596.025024,598.549988,583.34729,1854328
1/3/2017,600.400024,600.974976,592.875,594.950012,579.838745,1923750
1/4/2017,594.924988,596,591.900024,592.75,577.69458,3483560
1/5/2017,594.5,597.25,591.549988,593.099976,578.035706,3388192
1/6/2017,595.049988,599.200012,594.099976,596.825012,581.666138,2762630
1/9/2017,599.424988,602.075012,596.075012,597.599976,582.421387,2286898
1/10/2017,598.099976,608.400024,597.650024,607.174988,591.753235,2773058
1/11/2017,608.75,619.049988,607.75,617,601.328613,4671702
1/12/2017,617.5,621.849976,612.75,617.5,601.815979,1458158
1/13/2017,619.5,619.849976,614.299988,616.25,600.597778,1925206
1/16/2017,616.75,624.724976,616.400024,623.825012,607.980286,1882932
1/17/2017,623.5,626.200012,618.125,619.25,603.521545,1779806
1/18/2017,620.450012,628,620.424988,621.299988,605.519409,2306444
1/19/2017,622.450012,622.450012,617.5,618.150024,602.449463,1756206
1/20/2017,618,622.5,615,618.174988,602.473816,6971034
1/23/2017,618,625,617.900024,622.325012,606.518433,2396924
1/24/2017,625,635.75,624.625,633.775024,617.677551,5130932
1/25/2017,636.299988,647.799988,635.049988,645.299988,628.909851,7818492
1/27/2017,649.5,650,644,645.950012,629.543335,3426118
1/30/2017,646.474976,646.474976,640.275024,642.474976,626.156677,2659814
1/31/2017,641.200012,646.349976,638.5,643.325012,626.984985,3050520
2/1/2017,643.099976,655,640.25,652.849976,636.268066,5455332
2/2/2017,652.849976,652.849976,646.299988,649.349976,632.856934,2985818
2/3/2017,649.5,658,648.25,655.525024,638.875122,4002552
2/6/2017,656.150024,660,655.724976,657.049988,640.361328,2155110
2/7/2017,658,659,651.474976,653.575012,636.974731,1705960
2/8/2017,653.775024,659.349976,649.075012,652.825012,636.243713,2470480
2/9/2017,654.700012,659.950012,646.275024,648.825012,632.345337,2232688
2/10/2017,649.174988,654.375,649,651.799988,635.24469,1648368
2/13/2017,653.775024,657.5,649.599976,655.099976,638.460876,1397896
2/14/2017,657,657,652,655.549988,638.899475,1223030
2/15/2017,656,662,653.724976,661.099976,644.308472,3063470
2/16/2017,661.5,666.5,660.125,663.950012,647.086121,2521850
2/17/2017,722.5,727,680.224976,688.525024,671.036926,201129980
2/20/2017,680.599976,707.724976,679.575012,704.549988,686.654907,5283358
2/21/2017,703.025024,710.900024,698.700012,707.775024,689.798035,3130014
2/22/2017,707.5,709.400024,697.424988,699.575012,681.806274,2648388
2/23/2017,701.900024,710.674988,693.525024,697.150024,679.442932,17247490
2/27/2017,695.450012,699.174988,689.299988,696.799988,679.101746,2340688
2/28/2017,696.450012,698.125,692.25,695.049988,677.39624,1464004
3/1/2017,698.224976,698.25,693.200012,695.825012,678.151611,1740868
3/2/2017,697.275024,698,688.125,690.049988,672.523254,2300994
3/3/2017,692.25,692.25,684.5,688.5,671.012634,1246412
3/6/2017,688.400024,694.950012,686.549988,690.375,672.840027,1839562
3/7/2017,691.125,693.75,688.099976,693.099976,675.495789,1556438
3/8/2017,693.950012,699.599976,690.525024,696.099976,678.419556,1891072
3/9/2017,690.825012,699.349976,690.825012,697.099976,679.394104,1754658
3/10/2017,697.5,704,696.575012,700.049988,682.269226,2930352
3/14/2017,711.049988,712.075012,703.325012,705.349976,687.43457,3577510
3/15/2017,705.474976,710,705.275024,708.299988,690.309631,2135930
3/16/2017,709.049988,711.424988,706.825012,708.674988,690.67511,2490054
3/17/2017,709.275024,713.75,706.424988,712.924988,694.817139,1695232
3/20/2017,713.325012,719.924988,712.974976,718.049988,699.811951,4071172
3/21/2017,717,722.5,717,720.474976,702.175476,2778640
3/22/2017,713.849976,718.5,712.900024,715.450012,697.278076,2818272
3/23/2017,717.200012,717.5,711.450012,715.450012,697.278076,2461236
3/24/2017,716.5,717.224976,711,712.174988,694.086243,1905182
3/27/2017,712,712,702.025024,704.924988,687.020447,2932042
3/28/2017,709.150024,712.349976,706.549988,710.099976,692.063904,4030700
3/29/2017,710.400024,717.400024,710,714.299988,696.157288,4287886
3/30/2017,714,739.974976,712.525024,733.099976,714.479736,17160546
3/31/2017,726.900024,727,718.275024,721.275024,702.955139,4825696
4/3/2017,723,725.049988,713,716.599976,698.398865,2074526
4/5/2017,717.625,723.25,713.775024,716.174988,697.984619,2872040
4/6/2017,715.75,721.5,712.525024,719.25,700.981567,3062208
4/7/2017,715.525024,722.5,714.299988,719.424988,701.1521,2324180
4/10/2017,721.5,721.5,716.325012,717.075012,698.861816,1696938
4/11/2017,717,720.599976,715.75,719.75,701.468872,2178130
4/12/2017,719.5,724.974976,717.75,721.849976,703.515503,1782546
4/13/2017,721.5,724.450012,718.525024,720.150024,701.858765,2402118
4/17/2017,720.150024,721.900024,714.125,718.400024,700.153137,3568528
4/18/2017,720,727.5,719,723.650024,705.269836,1819430
4/19/2017,723.5,728.375,719,724.5,706.098145,2169072
4/20/2017,726.5,733.025024,726.474976,731.075012,712.506226,2890686
4/21/2017,733,749.5,726.650024,748.299988,729.29364,8629016
4/24/2017,749.049988,769.5,748.5,766.525024,747.055847,10103476
4/25/2017,767.525024,772.75,764.799988,768.525024,749.005066,4528890
4/26/2017,771.474976,776.5,734.224976,775.325012,755.632324,3897926
4/27/2017,773.049988,786.974976,773.049988,784.299988,764.379395,8090210
4/28/2017,779.950012,779.950012,768.549988,773.25,753.609985,2718864
5/2/2017,773.5,775.450012,765.174988,770.299988,750.734863,2003520
5/3/2017,777.125,777.125,769.674988,772.150024,752.537964,1253982
5/4/2017,769.625,771.450012,761.299988,767.400024,747.90863,2565514
5/5/2017,771.049988,771.450012,763.150024,766.099976,746.641541,1378948
5/8/2017,769,770,764.275024,767.400024,747.90863,1873626
5/9/2017,767.400024,772.799988,766.325012,767.875,748.37146,1672918
5/10/2017,770,777.5,768.525024,775.900024,756.192688,1171122
5/11/2017,775.5,780,770.5,773.200012,753.561279,1937872
5/12/2017,772.950012,778.450012,768.099976,775.825012,756.119629,3073802
5/15/2017,775,778.599976,771.125,776.700012,756.972351,1402390
5/16/2017,777.5,781,774.125,779.825012,760.018066,1795188
5/17/2017,779.400024,782.700012,775.75,778.575012,758.799744,1736236
5/18/2017,774.5,780.75,774.049988,778.549988,758.775391,1553640
5/19/2017,779.75,784.950012,772.625,780.625,760.797607,1427068
5/22/2017,782.549988,790,781.549988,788,767.985291,1430026
5/23/2017,790,791.775024,782.5,784.549988,764.623047,1540086
5/24/2017,784.525024,787.724976,781,783.375,763.477783,1733694
5/25/2017,783.549988,814.700012,783.549988,808.575012,788.037842,10045402
5/26/2017,803.325012,816,800.549988,813,792.350464,2721578
5/29/2017,809.900024,824,808.825012,815.950012,795.225403,2958170
5/30/2017,815,816.75,808.075012,814.525024,793.83667,2217092
5/31/2017,812.5,821.5,811.575012,818.099976,797.320801,2659456
6/1/2017,819.5,819.924988,810.275024,814.299988,793.61731,1679770
6/2/2017,817,823.049988,813.099976,817.125,796.370605,1606772
6/5/2017,816.849976,819.474976,812.5,817.775024,797.004089,1449950
6/6/2017,817.5,821.900024,815,819.474976,798.660889,2501316
6/7/2017,820.200012,822.450012,815.174988,820.400024,799.562439,1277138
6/8/2017,821.950012,829.700012,820.825012,822.375,801.487183,2124384
6/9/2017,820.049988,835,820.049988,833.400024,812.232239,2652636
6/12/2017,832,838,830,834.375,813.182434,1985706
6/13/2017,830.875,845.950012,830.5,838.349976,817.056458,2525810
6/14/2017,837.5,839.974976,833.5,835.599976,814.376343,1929180
6/15/2017,834,837.799988,826.799988,832.174988,811.03833,1763346
6/16/2017,832.5,837.349976,829.049988,834.625,813.426086,1877552
6/19/2017,835.5,848,834.200012,846.450012,824.950806,1912766
6/20/2017,845,847,839.924988,843.275024,821.856506,1830132
6/21/2017,841.299988,850.625,839.799988,849.349976,827.777039,1705466
6/22/2017,847.474976,858,845.599976,849,827.436035,3337730
6/23/2017,851,851.375,837.599976,839.325012,818.006775,2608734
6/27/2017,844.5,847.5,828.125,833.825012,812.646423,3000216
6/28/2017,832.5,837.5,828.900024,833.224976,812.061707,2224518
6/29/2017,833.5,840.950012,825.549988,831.525024,815.789795,4593854
6/30/2017,826.900024,830,821.5,826.025024,810.393921,2165216
7/3/2017,826.299988,833.75,823.625,829.299988,813.606934,1752166
7/4/2017,830.125,833.349976,826,826.674988,811.031494,1883040
7/5/2017,826.549988,829.75,822.5,824.375,808.775024,2007100
7/6/2017,826.275024,831.5,825.674988,829.075012,813.386169,2285838
7/7/2017,830.424988,834.799988,829,833.599976,817.8255,2758698
7/10/2017,834,874,830.525024,838.174988,822.313965,654626
7/11/2017,838.775024,845.400024,833.549988,840.200012,824.300598,2205140
7/12/2017,840,842.5,829.275024,840.625,824.71759,2869446
7/13/2017,844,846.650024,839.825012,841.775024,825.845825,2240502
7/14/2017,841.950012,843.025024,836,839.974976,824.079834,1221626
7/17/2017,841.275024,843.825012,838.5,841.174988,825.257202,1199670
7/18/2017,839.849976,843.924988,838.674988,841.775024,825.845825,1161094
7/19/2017,842.5,848.099976,840.924988,846.150024,830.138062,1993622
7/20/2017,846.950012,857.5,844.075012,855.450012,839.262024,1849238
7/21/2017,857.049988,857.625,850,851.525024,835.411377,1936754
7/24/2017,855,870,847.5,867.549988,851.133057,9839088
7/25/2017,879.5,879.5,866.525024,869.825012,853.36499,5580234
7/26/2017,871,877.5,866.25,873.775024,857.240295,1947672
7/27/2017,878,899.400024,875.775024,894.825012,877.891968,8980856
7/28/2017,886,893.25,880.549988,889.25,872.422363,4627698
7/31/2017,888.775024,895.5,883.275024,892.200012,875.316589,3684570
8/1/2017,890.924988,904.575012,886.099976,898.599976,881.595459,4258430
8/2/2017,903.5,903.5,891.025024,895.825012,878.872986,3698958
8/3/2017,894,896,887.200012,889.974976,873.133728,2128392
8/4/2017,888.5,898.375,883.075012,895.125,878.186279,1772534
8/7/2017,893,898.224976,892.5,894.275024,877.352417,959330
8/8/2017,896.049988,898.625,883.049988,888.950012,872.128052,2017686
8/9/2017,885.5,888.525024,879.174988,882.224976,865.530273,1635028
8/10/2017,880,883,876.424988,880.224976,863.568176,3894222
8/11/2017,872.5,879,865.575012,874.525024,857.976074,3179918
8/14/2017,876.5,887.474976,874,878.599976,861.973938,1788542
8/16/2017,881.174988,894.900024,874.275024,890.625,873.771362,2213416
8/17/2017,888.125,890.474976,876.875,882.700012,865.996399,2727434
8/18/2017,880,880.5,871.5,876.075012,859.496765,1853732
8/21/2017,877,879.5,869.099976,871.599976,855.106384,2004862
8/22/2017,875.650024,877,868.400024,873.5,856.970459,3304778
8/23/2017,875,888.974976,875,886.224976,869.454712,1680262
8/24/2017,887.450012,887.474976,879.575012,881.25,864.573792,3939138
8/28/2017,881.200012,885.575012,879.174988,881.125,864.451172,753892
8/29/2017,879.5,879.5,869,873.075012,856.553528,2459298
8/30/2017,875.974976,885,875.025024,884.275024,867.541565,1347160
8/31/2017,886,889.924988,878.200012,888.224976,871.416809,3651718
9/1/2017,890.5,890.724976,880.549988,883.799988,867.075562,1147586
9/4/2017,882.5,882.5,873.049988,875.450012,858.883667,1821262
9/5/2017,878.5,882.450012,875.5,877.674988,861.066467,1841218
9/6/2017,871.875,881.400024,869,879.950012,863.298401,2875816
9/7/2017,880.049988,888.375,880.049988,883.275024,866.560486,3473210
9/8/2017,886.700012,895,885.5,893.825012,876.910828,4155832
9/11/2017,896.5,914.5,895.099976,911.674988,894.423096,5738838
9/12/2017,913.849976,919.950012,909.150024,917.599976,900.23584,3343840
9/13/2017,917.5,924.5,912,920.924988,903.498047,2497688
9/14/2017,920.075012,926.25,915.75,919.700012,902.296204,4077008
9/15/2017,918,925.900024,916.724976,924.474976,906.980835,1883666
9/18/2017,926.775024,932.224976,926.25,930.224976,912.622009,2042464
9/19/2017,932.450012,934,923.775024,924.849976,907.348694,2120734
9/20/2017,924,930.724976,922.625,924.424988,906.931824,1723064
9/21/2017,924,924.25,915.349976,919.549988,902.148987,3856248
9/22/2017,917.400024,919.474976,910,912.049988,894.790955,4121762
9/25/2017,911.224976,911.224976,896.299988,899.875,882.846313,5074614
9/26/2017,894.525024,898.299988,892.5,896.150024,879.191833,5719366
9/27/2017,898,902.799988,885,888.25,871.441345,3668610
9/28/2017,887,899.5,881.650024,897.650024,880.663513,13823232
9/29/2017,900.049988,911,898.125,902.849976,885.765076,3106816
10/3/2017,904,910.5,898.549988,904.424988,887.310242,2197212
10/4/2017,903.950012,905.950012,896.674988,898.5,881.497375,3312552
10/5/2017,897.5,902.5,896.549988,899.299988,882.282227,1668098
10/6/2017,899,902.224976,897,900.049988,883.018066,1515330
10/9/2017,899.400024,901.5,895.25,897.75,880.761536,1531246
10/10/2017,899.5,907.474976,896.325012,901.349976,884.293396,1899090
10/11/2017,901.625,907.625,893.799988,895.075012,878.137268,2633720
10/12/2017,897.549988,910.724976,894,909.400024,892.191101,2690780
10/13/2017,913.349976,928.275024,911,925.400024,907.888367,3216732
10/16/2017,930,936.625,921,928.575012,911.003296,1637272
10/17/2017,925,926.849976,919.549988,925.625,908.10907,1306644
10/18/2017,920.5,937.5,919.5,934.25,916.570862,1963360
10/19/2017,930.900024,932.5,920.325012,924.200012,906.71106,285004
10/23/2017,929.950012,934.849976,918.025024,931.650024,914.020142,2081446
10/24/2017,931.5,939.799988,926.5,933.549988,915.884155,5664436
10/25/2017,930,931.5,892.5,897.549988,880.565308,10683604
10/26/2017,884,905,878.924988,897.674988,880.687927,14285732
10/27/2017,902.200012,903.75,889.5,895.525024,878.578674,3736044
10/30/2017,899.125,908,896.200012,907.5,890.327026,2711176
10/31/2017,905.75,905.75,899.625,904.25,887.13855,2341230
11/1/2017,907.549988,912.5,906,910.599976,893.368408,2095306
11/2/2017,911.5,914.900024,908.474976,911.049988,893.809875,2368972
11/3/2017,912.849976,920,910.799988,915.349976,898.028503,1905244
11/6/2017,912.5,920,911.299988,914.299988,896.998413,3074122
11/7/2017,919,922.474976,910.375,911.849976,894.594727,3723188
11/8/2017,912.599976,916.799988,909.5,912.974976,895.698364,1641572
11/9/2017,913.5,917.5,910.549988,913.924988,896.630493,1556654
11/10/2017,910.849976,917.400024,906.174988,911,893.760864,3872180
11/13/2017,911,911.575012,897.5,906.775024,889.615784,1667936
11/14/2017,907.950012,909.5,900,901.174988,884.121765,2356234
11/15/2017,899,901.825012,894,900.125,883.091614,3074184
11/16/2017,902,908,897.599976,903.849976,886.746094,2006486
11/17/2017,914.349976,919.150024,906.575012,912.775024,895.502319,3179386
11/20/2017,914.5,919.849976,914.5,919.075012,901.682983,1196212
11/21/2017,918.724976,925,918.049988,923.125,905.656372,1137766
11/22/2017,924.849976,930,922.275024,927.625,910.071228,2830398
11/23/2017,929.5,930,919,921.424988,903.988586,1616290
11/24/2017,921.5,928.900024,920.5,925.700012,908.182617,2601842
11/27/2017,924.5,931,922.799988,928.775024,911.199463,1935236
11/28/2017,928,935.5,927.924988,932.674988,915.025696,2545270
11/29/2017,932.5,937.75,927.900024,936.650024,918.925537,1637292
11/30/2017,934.349976,936.974976,920,926.849976,909.310852,2898156
12/1/2017,927.450012,930,922.049988,924.099976,906.612915,1929074
12/4/2017,927.450012,927.450012,915.049988,917.049988,899.69635,1820966
12/5/2017,913,914.275024,903.5,910.224976,893.000488,1946680
12/6/2017,909.974976,910.674988,899.5,901.650024,884.587769,3197560
12/7/2017,903.325012,908.299988,901.549988,904.825012,887.702698,2115652
12/8/2017,907,926.5,907,920.200012,902.786682,4478200
12/11/2017,924,925.875,920,923.200012,905.729919,1599116
12/12/2017,924.549988,924.950012,907.974976,909.950012,892.730713,1205294
12/13/2017,910.025024,922.5,907.549988,910.674988,893.441956,1453730
12/14/2017,912,920,906,919.025024,901.633972,1841546
12/15/2017,928,944,927.75,936.724976,918.998962,6225062
12/18/2017,927.5,949.5,904.650024,939.474976,921.69696,6148994
12/19/2017,939.900024,946.825012,938.075012,942.25,924.419495,2476056
12/20/2017,949.450012,951.549988,931.825012,934.075012,916.399231,4671752
12/21/2017,939.950012,942.5,932.599976,934.150024,916.472778,3427272
12/22/2017,939.5,940,930.875,938.325012,920.568787,2235452
12/26/2017,940.5,941.400024,928.349976,934.174988,916.497314,3392848
12/27/2017,935.049988,935.150024,925.575012,928.375,910.807007,1744692
12/28/2017,929.450012,940.450012,929,939.025024,921.255554,4350260
12/29/2017,938.400024,939.599976,934.075012,936.200012,918.483948,3172936
1/1/2018,936.349976,940.375,925.25,927.25,909.703369,3290258
1/2/2018,929.275024,937.5,929.275024,936.174988,918.459412,2388158
1/3/2018,937.5,939.125,925.599976,926.325012,908.795898,2265644
1/4/2018,926.5,932.75,926.5,929.950012,912.352234,1186888
1/5/2018,931.5,934.025024,927.775024,931.799988,914.167175,1435434
1/8/2018,932.5,935.349976,928.875,930.299988,912.695618,2285154
1/9/2018,931,934.924988,927.5,931.849976,914.216248,2652764
1/10/2018,932.599976,933.950012,928.650024,932.099976,914.461487,2307944
1/11/2018,932.099976,938,928.125,936.275024,918.557617,2029548
1/12/2018,936.5,939.075012,930,932.650024,915.00116,2168354
1/15/2018,934.974976,952.200012,929.924988,948.875,930.919128,6288222
1/16/2018,951.724976,955,942.625,950.075012,932.096436,3222692
1/17/2018,948.5,951.275024,943.5,945.25,927.362732,1452748
1/18/2018,962,977,959.025024,967.150024,948.848267,8324770
1/19/2018,967.575012,979.950012,959.625,976.099976,957.628906,5727994
1/22/2018,980,994,976.575012,981.674988,963.098389,4424884
1/23/2018,982.5,983.349976,971.650024,975.650024,957.187439,2523898
1/24/2018,976.275024,984.5,975.299988,978.825012,960.302429,2395284
1/25/2018,976.950012,990,975.25,987.474976,968.788635,4361834
1/29/2018,989,1003.474976,989,999.825012,980.905029,4117946
1/30/2018,998.900024,1000.950012,992.075012,997.75,978.869263,3198780
1/31/2018,994.700012,1006.75,993.5,1002.849976,983.872681,3471674
2/1/2018,1003,1007.5,992.650024,995.575012,976.735352,3260710
2/2/2018,993,994.950012,970.75,974,955.568665,3673062
2/5/2018,959,967.625,952.924988,956.924988,938.816711,3963392
2/6/2018,930,956,918.150024,948.400024,930.453064,5374902
2/7/2018,953.5,953.5,931.200012,936.400024,918.680176,4182486
2/8/2018,942,949.299988,933.25,940.474976,922.67804,2585722
2/9/2018,923.950012,932.349976,922.049988,924.75,907.25061,3204476
2/12/2018,930,943,927.575012,938.325012,920.568787,2190554
2/14/2018,944.900024,948.950012,937.325012,941.575012,923.757263,1788594
2/15/2018,944.849976,947.375,937.5,940.950012,923.144104,2457612
2/16/2018,941.950012,947.424988,937.825012,939.299988,921.52533,1791760
2/19/2018,941.299988,943.799988,929.525024,939.099976,921.329041,1827276
2/20/2018,942.375,942.924988,929.400024,931.599976,913.971008,2042034
2/21/2018,933.974976,934.275024,926.099976,928.700012,911.125854,1376536
2/22/2018,925,930,920.775024,926.599976,909.065613,6626798
2/23/2018,928.450012,942.424988,925.200012,940.275024,922.481873,2038374
2/26/2018,944.049988,957.400024,941.775024,955.775024,937.688538,2394442
2/27/2018,957.375,960.875,950,951.275024,933.273743,2393664
2/28/2018,944.775024,947.724976,939,942.099976,924.272278,2033182
3/1/2018,939.650024,946.650024,934,937.174988,919.440552,1954920
3/5/2018,937.075012,939,929.125,934.974976,917.282166,1890732
3/6/2018,935,939.950012,919.75,923.125,905.656372,2288414
3/7/2018,920,926.700012,914.25,916.299988,898.96051,2814082
3/8/2018,919.900024,929.25,916,926.424988,908.893921,2759362
3/9/2018,927.474976,932.625,922,925.525024,908.011047,2054054
3/12/2018,930.099976,934.724976,926.700012,933.625,915.957703,3278558
3/13/2018,933.724976,942.375,927.5,930.125,912.523926,2562100
3/14/2018,928,933.950012,924,932.25,914.608704,1840196
3/15/2018,932.599976,943.75,932.599976,940.400024,922.604553,2935462
3/16/2018,940,940.549988,923.275024,926.5,908.967529,3948168
3/19/2018,926.5,930,921.575012,923.625,906.146973,3919370
3/20/2018,922.549988,927.950012,917.625,919.75,902.345276,1828686
3/21/2018,924,931.599976,921.650024,929.450012,911.861755,2960570
3/22/2018,929.450012,940,927.549988,933.875,916.203003,3336612
3/23/2018,923.325012,926.549988,918.625,920.775024,903.350891,3595076
3/26/2018,919.950012,950,916.75,946.724976,928.809692,5250884
3/27/2018,946.900024,949.5,938,946.299988,928.392822,3068418
3/28/2018,941.474976,949.849976,938.025024,943.049988,925.204346,4418754
4/2/2018,945.25,967.875,945.25,965.599976,947.327576,2298184
4/3/2018,961.974976,962.849976,955.5,957.950012,939.822388,2039942
4/4/2018,956.474976,962.474976,939.224976,941.625,923.806274,1857054
4/5/2018,950.650024,957,945.099976,954.450012,936.388611,2429446
4/6/2018,956.099976,963.224976,952.900024,961.700012,943.501465,1860004
4/9/2018,959.400024,971,958.200012,969.525024,951.178345,2001768
4/10/2018,971.5,971.5,956.75,960.424988,942.250549,3033618
4/11/2018,957.950012,960,952.700012,959.424988,941.269409,1435406
4/12/2018,958,966.450012,952.950012,964.400024,946.15033,2356258
4/13/2018,964,970,959.549988,962.5,944.286255,1648586
4/16/2018,960,975,959.924988,971.049988,952.674438,1423872
4/17/2018,971.75,975.5,967.049988,974.25,955.813904,1333916
4/18/2018,975.5,976.75,965.025024,966.299988,948.014404,1356360
4/19/2018,970,972.400024,966.5,969.5,951.153809,1584516
4/20/2018,970.5,980.5,966.075012,977.950012,959.443848,4680690
4/23/2018,989.5,989.5,930.150024,967.875,949.559631,7652310
4/24/2018,967.5,974.025024,963,967.5,949.19165,2518708
4/25/2018,963.950012,969,956,960.375,942.201538,2010296
4/26/2018,958.400024,969.599976,955.625,965.125,946.861572,3923740
4/27/2018,966.5,967.75,956.25,961.700012,943.501465,2888504
4/30/2018,965,977.400024,964.400024,972.150024,953.753662,2304776
5/2/2018,975,989,973,984.75,966.115234,3550024
5/3/2018,984.025024,987.450012,973,983.950012,965.330322,2076386
5/4/2018,985,995,983.150024,994.25,975.435425,3440718
5/7/2018,990.825012,993.650024,987.5,988.700012,969.99054,2632064
5/8/2018,989.625,989.950012,977.299988,983.525024,964.913452,3550282
5/9/2018,978.075012,990.25,978.075012,989.200012,970.481018,2163666
5/10/2018,994.299988,999.5,991,996.349976,977.495667,3585836
5/11/2018,996.349976,1008.5,993,1005.875,986.840454,3028534
5/14/2018,1008.599976,1013.700012,1006.200012,1010.875,991.74585,2371458
5/15/2018,1013.525024,1032.5,1013.349976,1018.900024,999.619019,4913342
5/16/2018,1015.275024,1024.5,1008.575012,1011.674988,992.530701,3420802
5/17/2018,1011.924988,1022.224976,1006.25,1013.875,994.689087,3307738
5/18/2018,1012.349976,1012.349976,1001.75,1006.075012,987.036682,2608730
5/21/2018,1008.049988,1010.5,993.025024,996.525024,977.66748,2424054
5/22/2018,999.349976,1006.974976,992.75,994.950012,976.122253,1980186
5/23/2018,993.900024,997,981.700012,983.75,965.134155,2863146
5/24/2018,983.549988,995.125,978.174988,993,974.209106,2260372
5/25/2018,995,1008,994.950012,1004.349976,985.344299,2379794
5/28/2018,1003.900024,1026,1003,1021.099976,1001.777344,2551970
5/29/2018,1019,1026.349976,1014.400024,1016.299988,997.068176,1675622
5/30/2018,1009.849976,1026.5,1008.150024,1024.175049,1004.79425,2433498
5/31/2018,1050,1080,1040,1069.724976,1056.185425,19819596
6/1/2018,1058,1069,1050.5,1055.300049,1041.942993,10575678
6/4/2018,1075,1078.5,1018.974976,1023.099976,1010.150513,44398162
6/5/2018,1025,1033.474976,1011.5,1031.800049,1018.740479,8552730
6/6/2018,1030.099976,1032.400024,1022.5,1028.675049,1015.654968,4891000
6/7/2018,1036.599976,1039.900024,1026.599976,1031.099976,1018.049194,5281948
6/8/2018,1029.5,1030.625,1017.5,1024.675049,1011.705627,3090444
6/11/2018,1025.949951,1031.474976,1019.400024,1021.150024,1008.225281,3545594
6/12/2018,1025.949951,1026.349976,1019.200012,1021.924988,1008.990356,2617128
6/13/2018,1026,1027.400024,1012.049988,1015.724976,1002.868835,3948980
6/14/2018,1015,1022.5,1012.5,1018.700012,1005.806213,8463788
6/15/2018,1013,1019.450012,1011.150024,1014.799988,1001.955566,5440408
6/18/2018,1015.049988,1019.400024,1004.549988,1009.575012,996.796753,3743702
6/19/2018,1012.474976,1020.349976,1009.650024,1011.75,998.944214,5490576
6/20/2018,1013,1029,1012.5,1028.074951,1015.0625,4525856
6/21/2018,1030,1035.400024,1023.525024,1028.800049,1015.778381,6755352
6/22/2018,1028.474976,1044.400024,1024.925049,1041.675049,1028.490479,3924490
6/25/2018,1041.525024,1048.900024,1036.525024,1047.474976,1034.216919,3496168
6/26/2018,1043.025024,1051.5,1039.925049,1046.849976,1033.599976,4580966
6/27/2018,1046.5,1059.75,1045,1056.300049,1042.93042,9563402
6/28/2018,1057.5,1070,1055.599976,1065.425049,1051.939819,18766770
6/29/2018,1060.849976,1070,1052.550049,1054.224976,1040.881714,9729060
7/2/2018,1054.175049,1054.199951,1031.625,1036.625,1023.504333,4932438
7/3/2018,1036.625,1042.5,1032.800049,1035.099976,1021.998657,3431550
7/4/2018,1038.125,1054.025024,1034.5,1051.775024,1038.462524,3048996
7/5/2018,1052.5,1064.5,1046.275024,1061.875,1048.434814,4867984
7/6/2018,1056.650024,1067.775024,1055.675049,1057.574951,1044.189087,4060672
7/9/2018,1060.925049,1065,1053.875,1062.824951,1049.372559,3091148
7/10/2018,1064.949951,1074.800049,1062.5,1073.199951,1059.616333,5475368
7/11/2018,1072.525024,1077.849976,1067.400024,1074.125,1060.529785,2928960
7/12/2018,1076.449951,1089.925049,1076,1082.974976,1069.2677,4010334
7/13/2018,1084.199951,1095.400024,1081.550049,1090.449951,1076.648071,3580594
7/16/2018,1089.699951,1095.025024,1081.875,1084.425049,1070.699341,4508668
7/17/2018,1081.625,1090.5,1081.625,1088.375,1074.599243,3180962
7/18/2018,1093.5,1110,1086.824951,1088.099976,1074.327759,8730136
7/19/2018,1091.5,1096.75,1085.5,1093.050049,1079.215088,2652388
7/20/2018,1093.050049,1101.425049,1085.550049,1094.525024,1080.671631,5003482
7/23/2018,1075,1089,1069.025024,1078.224976,1064.577759,8440066
7/24/2018,1073.5,1084.5,1073.5,1079.875,1066.206909,2604396
7/25/2018,1082.324951,1088.400024,1080,1085.175049,1071.439941,3519308
7/26/2018,1082.5,1101.724976,1082.5,1096.300049,1082.424072,10640546
7/27/2018,1100.974976,1105.974976,1092.349976,1101.074951,1087.138428,5277298
7/30/2018,1099.5,1099.5,1079.699951,1084.949951,1071.217651,3584560
7/31/2018,1080,1092.949951,1075.025024,1089.75,1075.956909,4430472
8/1/2018,1081.400024,1087.5,1075.849976,1079.349976,1065.688599,3035780
8/2/2018,1076.75,1076.849976,1060.675049,1065.099976,1051.618896,4452852
8/3/2018,1066.775024,1073.525024,1057,1060.824951,1047.397949,6802004
8/6/2018,1060.5,1068.699951,1053.050049,1057.150024,1043.769531,2872316
8/7/2018,1062.5,1067.25,1054,1065.449951,1051.964478,3714228
8/8/2018,1067.925049,1075.900024,1066.525024,1068.175049,1054.655029,4972690
8/9/2018,1071,1071,1047.324951,1059.25,1045.843018,4472204
8/10/2018,1061.75,1061.900024,1049,1057.224976,1043.843506,2721470
8/13/2018,1042,1051.974976,1040,1045.824951,1032.587891,5027126
8/14/2018,1049,1052.5,1043.599976,1044.550049,1031.329102,2467982
8/16/2018,1041.5,1043.349976,1033.199951,1037.849976,1024.713867,5312580
8/17/2018,1041.449951,1046.525024,1035.824951,1038.675049,1025.528564,3032664
8/20/2018,1037.5,1053.800049,1037.5,1048.099976,1034.834106,3905568
8/21/2018,1049,1056,1046.324951,1048.025024,1034.760132,3888160
8/23/2018,1052.5,1053.5,1038.425049,1039.949951,1026.787109,6287276
8/24/2018,1035.5,1046.800049,1033.025024,1034.925049,1021.825928,4857314
8/27/2018,1038.5,1044.25,1035.125,1040.224976,1027.058716,6287394
8/28/2018,1044,1049.125,1039.400024,1047.425049,1034.167725,4986766
8/29/2018,1046.074951,1047.025024,1036.375,1039.25,1026.096191,4936846
8/30/2018,1041.800049,1043.949951,1030.925049,1033.050049,1019.974731,10913730
8/31/2018,1034.599976,1039.375,1029.125,1030.599976,1017.555542,7885750
9/3/2018,1034.699951,1039.474976,1031.75,1037.525024,1024.392944,3830804
9/4/2018,1038.449951,1038.974976,1024.5,1025.900024,1012.9151,3565268
9/5/2018,1026.900024,1030.099976,1017.775024,1022.924988,1009.977722,2820754
9/6/2018,1024.5,1029.5,1016.299988,1026.099976,1013.112549,5201206
9/7/2018,1025.5,1030,1020.375,1028.474976,1015.457458,2959650
9/10/2018,1027.5,1027.5,1012.549988,1020.575012,1007.657532,4299296
9/11/2018,1023.150024,1024,997.075012,1000.200012,987.540344,9093268
9/12/2018,1000.950012,1010.674988,994.775024,1005.924988,993.192932,6123004
9/14/2018,1009.924988,1018.700012,1009.474976,1014.799988,1001.955566,5167336
9/17/2018,1010.650024,1011.474976,994,996.099976,983.492188,4669110
9/18/2018,997.450012,1004.924988,990.474976,994.599976,982.011292,4662868
9/19/2018,997.424988,999,978.25,980.674988,968.262451,8356132
9/21/2018,986.950012,999.924988,955.099976,985.125,972.656189,11305074
9/24/2018,983.625,986.099976,957.5,962.849976,950.663086,6695396
9/25/2018,962.849976,981,957.5,976.200012,963.844177,8341276
9/26/2018,981.474976,989,977.650024,984.099976,971.644165,7363362
9/27/2018,984.700012,993,977.575012,988.075012,975.568848,9176104
9/28/2018,990.325012,1007.724976,988.575012,1003.025024,990.329651,7230358
10/1/2018,1004.900024,1021,998.900024,1017.724976,1004.843506,6224794
10/3/2018,1015.224976,1026.099976,1003.5,1015.575012,1002.720825,7666074
10/4/2018,1004,1008.900024,971.5,978.875,966.485291,8985292
10/5/2018,976.974976,995,970.075012,982.650024,970.212524,7864590
10/8/2018,982.5,984.5,965,972.5,960.19104,10064010
10/9/2018,972.200012,982.5,965,970.299988,958.01886,6229682
10/10/2018,972.5,991.125,967.75,983.575012,971.125793,7969966
10/11/2018,962.5,974.150024,958.799988,968.775024,956.513184,7179952
10/12/2018,972.5,998.549988,971,990.924988,978.382751,4800160
10/15/2018,995,1005.400024,985.150024,1004.025024,991.317017,6292984
10/16/2018,1001.5,1009.099976,993.75,996.375,983.763794,4703002
10/17/2018,1003.049988,1006.5,981.75,987.299988,974.80365,3970398
10/19/2018,979.450012,990.424988,979,983.875,971.421997,4933674
10/22/2018,1007,1010,994.299988,999.450012,986.799866,10165580
10/23/2018,986.5,999.450012,986.5,992.424988,979.863831,9714282
10/24/2018,1002,1004.400024,986.299988,996.125,983.516968,9036168
10/25/2018,986.799988,1001.799988,981.224976,984.400024,971.94043,14923528
10/26/2018,984.400024,988.599976,974.5,980.599976,968.188477,7577856
10/29/2018,982.049988,982.474976,947.599976,963.150024,950.959351,8522140
10/30/2018,962.5,966,949.650024,956.375,944.270081,6914352
10/31/2018,951.025024,958.950012,942.5,955.875,943.776428,11724702
11/1/2018,965,965,948,956.099976,943.998535,9814526
11/2/2018,963,980,956,974.724976,962.387817,15046434
11/5/2018,974.950012,979.825012,969,978,965.621399,2852648
11/6/2018,977.5,988,971.474976,973.275024,960.956177,4242794
11/7/2018,980.5,982.474976,975,978.974976,966.583984,479380
11/9/2018,979.099976,979.950012,968.150024,972.700012,960.388428,5050810
11/12/2018,975.75,981,958.575012,960.525024,948.367554,3953882
11/13/2018,959.5,968.849976,954.099976,963.875,951.675171,6675210
11/14/2018,969.275024,980,968.299988,978.875,966.485291,13055318
11/15/2018,980.950012,988.650024,965.599976,987.575012,975.075134,5196262
11/16/2018,990.5,1006.5,990,1002.150024,989.465759,7906608
11/19/2018,1005.5,1010.5,1000.950012,1006.950012,994.204956,6143214
11/20/2018,1006.5,1009.799988,999.525024,1006.224976,993.489136,2852584
11/21/2018,1006.375,1011.974976,1002,1009.375,996.599243,3272802
11/22/2018,1006.625,1017.5,1000.075012,1002.75,990.058105,6487276
11/26/2018,1006.950012,1026,1006.025024,1024.900024,1011.927734,9092218
11/27/2018,1020.525024,1033.949951,1020.375,1032,1018.937866,6447720
11/28/2018,1032.5,1049.300049,1030.050049,1044.625,1031.403076,6510554
11/29/2018,1050.5,1068.699951,1047,1065.525024,1052.038574,15954318
11/30/2018,1065,1068.775024,1055,1064.224976,1050.755005,6520462
12/3/2018,1065.5,1071,1053.449951,1056.650024,1043.276001,5399928
12/4/2018,1052.699951,1055.5,1039.300049,1042.775024,1029.576538,4078710
12/5/2018,1039,1052.650024,1037.974976,1049.599976,1036.315063,5899422
12/6/2018,1044.849976,1050.824951,1042.5,1048.525024,1035.253662,5865126
12/7/2018,1053.349976,1059,1040.150024,1053.800049,1040.461914,4951960
12/10/2018,1032.949951,1052.400024,1032.949951,1044.375,1031.15625,5457528
12/11/2018,1028,1035.650024,1016,1029.775024,1016.741028,9452890
12/12/2018,1033.474976,1044.900024,1030.050049,1042.650024,1029.453125,5685244
12/13/2018,1047.5,1062.5,1045.650024,1050.650024,1037.351929,3532118
12/14/2018,1052.449951,1059,1044.025024,1047.849976,1034.58728,3079142
12/17/2018,1052,1066.300049,1049.5,1065.099976,1051.618896,4218662
12/18/2018,1062,1069.5,1051.300049,1067.724976,1054.210693,3706984
12/19/2018,1066.550049,1079.699951,1056.775024,1061.724976,1048.286621,4504948
12/20/2018,1056.275024,1070.224976,1051.324951,1068.724976,1055.197998,3990238
12/21/2018,1067,1074.550049,1054.525024,1055.574951,1042.214355,5110154
12/24/2018,1052,1052,1038.675049,1040.324951,1027.157471,2800744
12/26/2018,1038.5,1063.5,1034.5,1061.175049,1047.743652,3800958
12/27/2018,1066.5,1069.099976,1049.224976,1052.525024,1039.203125,5819934
12/28/2018,1058.675049,1068.875,1057.75,1061.449951,1048.015137,4707806
12/31/2018,1068.5,1068.5,1058.349976,1060.849976,1047.422729,2933264
1/1/2019,1063.824951,1075.5,1052.800049,1074.050049,1060.455811,3186720
1/2/2019,1071.400024,1073.75,1059.849976,1064.25,1050.779663,4067116
1/3/2019,1062.099976,1064.125,1051.5,1055.900024,1042.5354,6385832
1/4/2019,1057.625,1064.25,1055.175049,1058.724976,1045.324585,3643560
1/7/2019,1063.849976,1067.675049,1059,1060.324951,1046.904419,2693506
1/8/2019,1061,1061.75,1048.324951,1051.5,1038.19104,4171730
1/9/2019,1059,1060.675049,1051.300049,1058.400024,1045.003784,4284314
1/10/2019,1058.5,1061.900024,1046.324951,1054.25,1040.90625,3845770
1/11/2019,1056.900024,1062,1054,1055.949951,1042.584595,3204020
1/14/2019,1054.949951,1054.949951,1049.224976,1050.824951,1037.524658,2427580
1/15/2019,1052.525024,1063.25,1051,1060.949951,1047.521362,2543778
1/16/2019,1060.025024,1062.5,1054.125,1060.099976,1046.682251,2626226
1/17/2019,1062.625,1067.949951,1056.675049,1066.150024,1052.65564,4120114
1/18/2019,1067.5,1069.5,1057.275024,1065.125,1051.643555,2603988
1/21/2019,1069.974976,1083.25,1063.25,1074.074951,1060.480347,8780756
1/22/2019,1073,1073.400024,1064.525024,1067.925049,1054.408203,4398488
1/23/2019,1067,1067.925049,1050.724976,1052.699951,1039.375854,3812144
1/24/2019,1055,1060.824951,1048.949951,1051.125,1037.820801,5055786
1/25/2019,1046.5,1055,1045,1048,1034.735352,5631118
1/28/2019,1045,1051.025024,1038.375,1042.074951,1028.885376,7680218
1/29/2019,1039.125,1041.5,1026.5,1028.800049,1015.778381,7381394
1/30/2019,1028.625,1028.625,1014,1017.349976,1004.473328,9257080
1/31/2019,1015.5,1044.875,1011,1039.974976,1026.81189,8289702
2/1/2019,1039.974976,1058.5,1038.300049,1045.224976,1031.995483,7827094
2/4/2019,1047.5,1056.5,1041.324951,1052.449951,1039.129028,3969144
2/5/2019,1054,1059.5,1048.5,1057.025024,1043.646118,4345144
2/6/2019,1058.125,1063.5,1056.800049,1061.324951,1047.891724,5437842
2/7/2019,1062.525024,1065,1052.925049,1058.625,1045.22583,3608654
2/8/2019,1056,1072.474976,1053.324951,1061.324951,1047.891724,6117822
2/11/2019,1056.650024,1071.449951,1056.650024,1069.824951,1056.284058,3518182
2/12/2019,1069,1074,1062.400024,1064.849976,1051.37207,4886194
2/14/2019,1070,1070,1052.800049,1055.099976,1041.745483,3720694
2/15/2019,1053.675049,1054.050049,1039.099976,1050.324951,1037.030884,4208262
2/18/2019,1053.400024,1059,1043,1044.949951,1031.723877,3569372
2/19/2019,1044.849976,1054.074951,1039.099976,1042.025024,1028.83606,2634318
2/20/2019,1044.25,1055.5,1040.949951,1054.175049,1040.832275,2446250
2/21/2019,1050.849976,1059.974976,1046.800049,1057.949951,1044.559326,2630772
2/22/2019,1059.699951,1064.050049,1044.550049,1045.724976,1032.489136,4445354
2/25/2019,1047.574951,1064.974976,1047.574951,1062.699951,1049.24939,4070298
2/26/2019,1055.625,1062.5,1050.550049,1055.324951,1041.967651,4803714
2/27/2019,1058.050049,1062.224976,1044.074951,1046.125,1032.884033,3515046
2/28/2019,1046.550049,1052.925049,1036.599976,1038.775024,1025.627197,5822688
3/1/2019,1043.125,1050.449951,1038.5,1041.675049,1028.490479,4676464
3/5/2019,1044.449951,1055.550049,1035,1053.550049,1040.21521,5918638
3/6/2019,1055,1055.150024,1045.275024,1052.125,1038.808228,4229022
3/7/2019,1054.800049,1065,1047.5,1063.25,1049.79248,5102426
3/8/2019,1057.525024,1065,1054.724976,1064.099976,1050.631592,3526730
3/11/2019,1066,1071.849976,1061.099976,1064.224976,1050.755005,4612054
3/12/2019,1073.5,1087.5,1068.5,1085.5,1071.760742,7548646
3/13/2019,1087.5,1117,1086.050049,1113.275024,1099.184204,28583174
3/14/2019,1122.425049,1123.75,1105.300049,1112.375,1098.295654,7689932
3/15/2019,1115.5,1129.949951,1114.025024,1126.5,1112.241699,6381544
3/18/2019,1130.949951,1145.824951,1123.5,1130.724976,1116.41333,7179360
3/19/2019,1134.75,1137.949951,1125.5,1133.875,1119.523438,5978996
3/20/2019,1134.5,1150,1130.525024,1149.5,1134.950684,5855996
3/22/2019,1150,1153.5,1135.400024,1138.074951,1123.670166,15201940
3/25/2019,1130,1143.925049,1126.5,1140.650024,1126.212769,4599630
3/26/2019,1137.949951,1157.5,1136.300049,1155.675049,1141.047485,5893424
3/27/2019,1159.275024,1164.025024,1139.525024,1149.724976,1135.172729,6942650
3/28/2019,1149.400024,1162.5,1143.925049,1151.400024,1136.82666,9777164
4/1/2019,1162.625,1166,1152.300049,1155.900024,1141.269653,4823538
4/2/2019,1160,1160,1142.724976,1147.425049,1132.901978,5455248
4/3/2019,1146.050049,1158,1144.125,1146.375,1131.865234,3829726
4/4/2019,1146.375,1156.5,1140,1141.974976,1127.520874,4605776
4/5/2019,1143.900024,1156.875,1141,1152.800049,1138.208984,4175590
4/8/2019,1159.5,1161.474976,1140.050049,1144.699951,1130.211304,3199066
4/9/2019,1148.300049,1151.5,1133.5,1143.625,1129.150024,5388800
4/10/2019,1125,1142,1115.5,1118.675049,1104.515747,54064350
4/11/2019,1122.449951,1131.5,1118.474976,1128.75,1114.463379,4396650
4/12/2019,1126.050049,1136.099976,1126.050049,1132.625,1118.289307,4585222
4/15/2019,1135,1146.449951,1132.175049,1144.400024,1129.915283,5109890
4/16/2019,1145.474976,1154.949951,1140.150024,1152.525024,1137.937378,4136888
4/18/2019,1156.5,1157.525024,1144,1146.824951,1132.309448,5307428
4/22/2019,1162.5,1162.5,1130.5,1134.349976,1119.992432,10490210
4/23/2019,1138.775024,1145,1120.800049,1122.650024,1108.440552,7641200
4/24/2019,1125,1141.949951,1123.525024,1139.875,1125.44751,6177064
4/25/2019,1143.449951,1149.400024,1128.974976,1131.724976,1117.400757,9043318
4/26/2019,1132.949951,1142.5,1128.449951,1140.474976,1126.039917,5853784
4/30/2019,1142.5,1160,1139.199951,1158.724976,1144.058838,6268418
5/2/2019,1161.75,1179.824951,1158.75,1177.900024,1162.991211,8584650
5/3/2019,1182.099976,1189,1178.25,1183.974976,1168.989136,6175760
5/6/2019,1174,1175.949951,1158.525024,1164.224976,1149.48938,6874046
5/7/2019,1175.949951,1179,1159,1161.175049,1146.478027,4962102
5/8/2019,1161.275024,1161.900024,1144,1153.625,1139.02356,6032104
5/9/2019,1150,1150,1135.800049,1145.449951,1130.951904,4513862
5/10/2019,1145.675049,1162.449951,1145.675049,1148.25,1133.716431,5297100
5/13/2019,1148.025024,1156.675049,1140,1143.599976,1129.125366,5535816
5/14/2019,1148.349976,1155.5,1137.775024,1143.949951,1129.470947,5247372
5/15/2019,1148,1153.599976,1141.099976,1143.349976,1128.87854,4478174
5/16/2019,1140.275024,1159.5,1140,1155.324951,1140.701904,4025068
5/17/2019,1156.5,1184.650024,1155.800049,1181.050049,1166.10144,7379390
5/20/2019,1204,1219.349976,1190,1216.175049,1200.78186,8849816
5/21/2019,1219,1224.699951,1199.724976,1201.849976,1186.638062,5162588
5/22/2019,1205.925049,1213,1197.125,1202.875,1187.650146,5693330
5/23/2019,1204.5,1219.949951,1159.550049,1166.050049,1151.29126,16540998
5/24/2019,1179.849976,1193.074951,1170.074951,1186.675049,1171.655151,6846400
5/27/2019,1189.449951,1210.949951,1186.125,1204.175049,1188.933716,6024512
5/28/2019,1208.25,1210,1193.525024,1208.099976,1192.80896,3682420
5/29/2019,1205.099976,1215.400024,1205.099976,1208.449951,1193.154541,3737608
5/30/2019,1208,1223.949951,1206.525024,1219.775024,1204.336182,4679600
5/31/2019,1228.400024,1232.5,1178.400024,1212.675049,1197.32605,9892540
6/3/2019,1213.5,1229.900024,1212.474976,1228.550049,1213.000244,4240430
6/4/2019,1227.5,1232.875,1220.525024,1226.150024,1210.630493,3221494
6/6/2019,1226.599976,1235,1206.675049,1211.675049,1196.338867,7817462
6/7/2019,1212.824951,1227.125,1204.5,1223.824951,1208.334839,3985466
6/10/2019,1234.974976,1234.974976,1216.050049,1220.099976,1204.657104,3538570
6/11/2019,1225.75,1229.949951,1220.175049,1224.199951,1208.7052,3551646
6/12/2019,1222.5,1224.199951,1211.824951,1213.525024,1198.165405,3654310
6/13/2019,1217.974976,1226,1207.974976,1222.349976,1206.87854,5553974
6/14/2019,1221.474976,1229.474976,1212.5,1217.550049,1202.139404,5978460
6/17/2019,1217.5,1219.949951,1208.650024,1211,1195.672241,6405010
6/18/2019,1209,1216,1202,1208.625,1193.327393,6209826
6/19/2019,1213.5,1222.449951,1208.349976,1214.175049,1198.807129,5372138
6/20/2019,1214.175049,1218.5,1207.300049,1213.175049,1205.264648,5585746
6/21/2019,1213,1214.849976,1202.824951,1207.099976,1199.229248,6625130
6/24/2019,1205.974976,1215.300049,1205,1208.974976,1201.092041,3457500
6/25/2019,1209.925049,1220.75,1201.5,1214.349976,1206.432007,4449900
6/26/2019,1212.349976,1235,1211,1233.949951,1225.904175,5266818
6/27/2019,1234.375,1247.25,1228.074951,1231.150024,1223.122437,9939618
6/28/2019,1232,1237.5,1218.525024,1221.875,1213.907959,6378422
7/1/2019,1228,1244.5,1225.025024,1242.775024,1234.671753,4262080
7/2/2019,1244,1248.75,1233.599976,1247.5,1239.365845,3623414
7/3/2019,1249.5,1251.650024,1241.5,1244.824951,1236.70813,3731628
7/4/2019,1247.400024,1248.949951,1236,1241.900024,1233.802368,3996982
7/5/2019,1242.550049,1247.474976,1230,1236.199951,1228.139404,3791530
7/8/2019,1237.275024,1237.300049,1198.525024,1204.800049,1196.944336,7303570
7/9/2019,1201.925049,1205.400024,1186.5,1189.574951,1181.818604,8241344
7/10/2019,1189.375,1199,1183.125,1194.375,1186.58728,5784574
7/11/2019,1201.5,1207,1197.824951,1203.574951,1195.727173,4548798
7/12/2019,1209,1209,1192.525024,1196.949951,1189.145386,4488136
7/15/2019,1198,1201.5,1188.675049,1197.375,1189.567749,4116592
7/16/2019,1209,1209,1191,1195.599976,1187.804199,6385284
7/17/2019,1196.474976,1205.800049,1195.650024,1198.724976,1190.908813,3879868
7/18/2019,1201.5,1214.5,1200.949951,1205.949951,1198.086792,5401292
7/19/2019,1207.5,1210.349976,1183.5,1187.824951,1180.079834,4469614
7/22/2019,1172.5,1174.925049,1140.625,1148.625,1141.135498,11085648
7/23/2019,1147.25,1147.25,1121.025024,1131.75,1124.370483,13901432
7/24/2019,1128.375,1146.5,1125.5,1140.449951,1133.013794,8681870
7/25/2019,1142.5,1157.724976,1140.125,1143.025024,1135.572021,9731004
7/26/2019,1139.099976,1146.824951,1136.425049,1138.650024,1131.225586,6414914
7/29/2019,1136.775024,1136.775024,1111.525024,1122.150024,1114.833252,4988246
7/30/2019,1127.5,1135.599976,1119.949951,1126.125,1118.782349,5197068
7/31/2019,1120,1133.5,1117.125,1125.824951,1118.484131,6945920
8/1/2019,1114.550049,1120,1098.5,1110.900024,1106.112793,9120838
8/2/2019,1105.5,1112,1091,1107.175049,1102.403809,13912768
8/5/2019,1098.525024,1100,1081.25,1089.625,1084.929443,9911220
8/6/2019,1083.5,1105.125,1083.5,1094.550049,1089.833252,12445470
8/7/2019,1095,1101,1082.5,1092,1087.294189,9375068
8/8/2019,1099,1121.5,1091.5,1116.574951,1111.763184,9855800
8/9/2019,1123.5,1144.5,1119.900024,1141,1136.083008,15218056
8/13/2019,1136.650024,1136.650024,1101.300049,1110.175049,1105.390869,7720034
8/14/2019,1117.699951,1117.699951,1101.525024,1114.724976,1109.921265,7127026
8/16/2019,1107,1116.5,1102.050049,1113.849976,1109.050049,7623780
8/19/2019,1119.25,1121,1100.849976,1103.425049,1098.670044,4249100
8/20/2019,1104.625,1113.900024,1103.425049,1110.300049,1105.515381,5135296
8/21/2019,1112.449951,1120.599976,1107.099976,1112.925049,1108.129028,5236356
8/22/2019,1110.425049,1110.425049,1083.525024,1087.050049,1082.365601,6996022
8/23/2019,1080.5,1088.5,1069.800049,1081.349976,1076.690063,10049808
8/26/2019,1097.449951,1133.074951,1083.5,1128.074951,1123.213623,12640122
8/27/2019,1128,1136.449951,1120.050049,1129.974976,1125.105469,10330416
8/28/2019,1125,1128.675049,1113.175049,1123.75,1118.907349,6831294
8/29/2019,1123,1126.849976,1110.150024,1113.474976,1108.676636,7391858
8/30/2019,1116.75,1130,1111,1113.974976,1109.174438,9616660
9/3/2019,1110,1110.5,1098.074951,1105.474976,1100.71106,5714338
9/4/2019,1103.5,1137,1099.5,1123.875,1119.03186,7530352
9/5/2019,1124.5,1136.199951,1112.5,1117.574951,1112.758911,8648126
9/6/2019,1114,1128.300049,1110.650024,1122.949951,1118.110718,6435002
9/9/2019,1123,1130.449951,1108.050049,1124.800049,1119.952881,5321702
9/11/2019,1137,1137,1120.574951,1125.650024,1120.799194,7604558
9/12/2019,1125.349976,1144.400024,1124.074951,1135.425049,1130.532104,9066150
9/13/2019,1125.5,1133.724976,1119,1128.724976,1123.86084,7685670
9/16/2019,1125.949951,1131.324951,1120.5,1122.074951,1117.239502,5515092
9/17/2019,1123.949951,1124.25,1099.050049,1105.675049,1100.910278,5328278
9/18/2019,1108.650024,1112.074951,1090,1093.875,1089.161133,6479942
9/19/2019,1099.900024,1107.050049,1084,1101.050049,1096.305176,5311655
9/20/2019,1108,1209.900024,1105.400024,1199.599976,1194.43042,23075017
9/23/2019,1259.550049,1282.699951,1229,1257.25,1251.832031,20960205
9/24/2019,1250,1261.949951,1227.550049,1253.800049,1248.396973,11689524
9/25/2019,1249.900024,1249.900024,1230.099976,1239.699951,1234.357666,7804488
9/26/2019,1239.800049,1275,1236.349976,1242.5,1237.14563,15335780
9/27/2019,1248.25,1253.5,1237.599976,1244.199951,1238.838257,7436585
9/30/2019,1228.800049,1240,1216.5,1227.449951,1222.1604,9109229
10/1/2019,1231.5,1255,1221.099976,1248.800049,1243.418579,9384176
10/3/2019,1239.949951,1243.800049,1216.349976,1223.550049,1218.277344,8149438
10/4/2019,1236.650024,1239.599976,1185.300049,1189.699951,1184.57312,9201816
10/7/2019,1201.199951,1219.849976,1181.150024,1186.900024,1181.785278,11256610
10/9/2019,1197.099976,1229.900024,1190,1228.150024,1222.857544,8713635
10/10/2019,1221.800049,1225.949951,1197.199951,1200.550049,1195.376465,5778429
10/11/2019,1213.400024,1224,1188.949951,1198.800049,1193.634033,8593159
10/14/2019,1209,1219.900024,1197.400024,1204.400024,1199.209839,6133901
10/15/2019,1207,1225,1206.849976,1223.050049,1217.779541,4200187
10/16/2019,1231.650024,1235,1210.099976,1221.099976,1215.837769,5293408
10/17/2019,1227.5,1229.849976,1213.099976,1220,1214.742554,6121807
10/18/2019,1225.449951,1233.849976,1220.349976,1229,1223.703857,5616903
10/22/2019,1257,1257,1232.599976,1239.300049,1233.959473,10003114
10/23/2019,1246.849976,1249.75,1233,1241.599976,1236.249512,5095107
10/24/2019,1248,1254.150024,1226.349976,1236.099976,1230.773193,6553747
10/25/2019,1240,1246.849976,1220,1229,1223.703857,6496771
10/29/2019,1238,1257.349976,1237.699951,1242.5,1237.14563,7116284
10/30/2019,1246.900024,1262.699951,1243,1248.349976,1242.970337,6005683
10/31/2019,1257.699951,1263.900024,1227.099976,1230.349976,1225.047974,6608853
11/1/2019,1239,1243.75,1227.599976,1240.050049,1234.706177,5756130
11/4/2019,1246.449951,1250,1229.050049,1236.849976,1231.519897,4967588
11/5/2019,1241,1244.800049,1229.050049,1239.5,1234.158569,6183905
11/6/2019,1242.449951,1259,1228.050049,1256.650024,1251.234619,6065168
11/7/2019,1261,1269.699951,1250,1263.699951,1258.254272,8481517
11/8/2019,1259,1267,1251.449951,1255.599976,1250.189209,6625748
11/11/2019,1252.550049,1268.5,1250.5,1264.75,1259.299683,7143305
11/13/2019,1261.949951,1270,1253.599976,1257.550049,1252.130859,4646748
11/14/2019,1263.800049,1277,1257.199951,1273.900024,1268.410278,5527609
11/15/2019,1283.849976,1285,1271.099976,1277.900024,1272.393066,4639506
11/18/2019,1277,1279.449951,1258.699951,1262.050049,1256.61145,4565146
11/19/2019,1265.300049,1275,1261.099976,1271.900024,1266.418945,5285289
11/20/2019,1273,1282.949951,1267,1273.349976,1267.862671,5527129
11/21/2019,1270.25,1287,1268.349976,1283.349976,1277.81958,6009763
11/22/2019,1283.650024,1283.650024,1262,1264.75,1259.299683,3844005
11/25/2019,1264.150024,1279.5,1264.150024,1271.099976,1265.622314,3946778
11/26/2019,1278.449951,1279.75,1266.949951,1275.050049,1269.55542,4358001
11/27/2019,1276,1285.75,1271.199951,1278.400024,1272.890991,4790333
11/28/2019,1280.199951,1283.050049,1262,1265.300049,1259.847412,6183020
11/29/2019,1267.699951,1279.900024,1252,1274.949951,1269.455688,7783813
12/2/2019,1273.949951,1273.949951,1258.599976,1265.75,1260.29541,4473102
12/3/2019,1268.199951,1269,1253.800049,1255.400024,1249.990112,3495953
12/4/2019,1252.5,1256.900024,1234.199951,1251.650024,1246.256226,5697807
12/5/2019,1255.599976,1258.75,1240.75,1245.599976,1240.2323,6386247
12/6/2019,1248.949951,1260,1238.199951,1246.050049,1240.68042,6887325
12/9/2019,1249.5,1249.849976,1237.550049,1242.949951,1237.593628,4132675
12/10/2019,1251,1253.650024,1245.099976,1249.5,1244.115479,4894450
12/11/2019,1250.099976,1254,1242.5,1248.75,1243.368652,5527321
12/12/2019,1253,1269.449951,1253,1263.599976,1258.154663,6456574
12/13/2019,1265,1272.349976,1259.25,1263.849976,1258.403564,5887593
12/16/2019,1269.25,1270,1248.199951,1257.349976,1251.931641,5663788
12/17/2019,1260,1274.800049,1255.349976,1271.099976,1265.622314,6213677
12/18/2019,1283,1299,1273.650024,1292.349976,1286.780762,8723586
12/19/2019,1305,1305.5,1286.099976,1288.800049,1283.246094,6509188
12/20/2019,1288.75,1299.599976,1280.050049,1296.699951,1291.112061,7513022
12/23/2019,1299,1304,1288.800049,1302.400024,1296.787476,5097891
12/24/2019,1298.599976,1301.099976,1286.949951,1289.150024,1283.594604,3589604
12/26/2019,1289.699951,1291.849976,1264.650024,1270.449951,1264.975098,7474879
12/27/2019,1272,1279,1270,1275,1269.505615,3546496
12/30/2019,1282,1288.75,1274.050049,1282.150024,1276.624756,4667095
12/31/2019,1281.949951,1281.949951,1268.650024,1272.099976,1266.618042,4178528
1/1/2020,1276.099976,1280,1270.599976,1278.599976,1273.090088,1836849
1/2/2020,1279,1288,1279,1286.75,1281.204956,3068583
1/3/2020,1282.199951,1285,1263.599976,1268.400024,1262.934082,5427775
1/6/2020,1260,1261.800049,1236,1240.949951,1235.602295,5445093
1/7/2020,1258.900024,1271.449951,1252.25,1260.599976,1255.167603,7362247
1/8/2020,1246.949951,1262.150024,1240.050049,1257.300049,1251.881836,5666055
1/9/2020,1265,1275.800049,1263.099976,1271.400024,1265.921143,4773158
1/10/2020,1284.099976,1286.900024,1275.099976,1282.699951,1277.172363,4607290
1/13/2020,1282.699951,1296.5,1276,1286,1280.45813,3725784
1/14/2020,1289,1292.550049,1277.5,1289.5,1283.943115,3943145
1/15/2020,1286.400024,1287.949951,1274.099976,1284.25,1278.715698,5893724
1/16/2020,1282.050049,1291,1279.349976,1287.650024,1282.101074,3575200
1/17/2020,1281.75,1284.900024,1271.900024,1278.150024,1272.641968,8459407
1/20/2020,1304.849976,1304.849976,1252.5,1254.900024,1249.492188,11089225
1/21/2020,1250,1250,1238.400024,1244.349976,1238.987671,7492402
1/22/2020,1248.050049,1255,1234.400024,1240.849976,1235.502686,9184155
1/23/2020,1240,1246.849976,1231,1244.849976,1239.485474,5754460
1/24/2020,1246,1254,1239.099976,1244.550049,1239.18689,5915878
1/27/2020,1235,1235,1211.75,1213.199951,1207.971802,9444276
1/28/2020,1218.800049,1227.800049,1213.25,1223.199951,1217.928711,6706079
1/29/2020,1225.300049,1242,1222.25,1235.849976,1230.524292,6894175
1/30/2020,1238.949951,1238.949951,1217.199951,1226.050049,1220.766602,6055992
1/31/2020,1231.449951,1237.800049,1220.25,1226.300049,1221.015503,5589134
2/3/2020,1197,1197.949951,1177.699951,1192.800049,1187.65979,6538505
2/4/2020,1198,1234,1198,1229.800049,1224.500366,10448852
2/5/2020,1234.900024,1248,1227.300049,1244.650024,1239.286377,9010341
2/6/2020,1244.650024,1248.699951,1237.199951,1239.800049,1234.457275,5913775
2/7/2020,1246,1247,1231.599976,1242.199951,1236.846924,3407724
2/10/2020,1242.949951,1242.949951,1226.050049,1240.300049,1234.9552,4609917
2/11/2020,1243.300049,1255,1238.050049,1240.599976,1235.253784,5806760
2/12/2020,1245.199951,1252.900024,1244.050049,1249,1243.617554,3148965
2/13/2020,1259.900024,1259.900024,1233.599976,1241.400024,1236.050415,4556070
2/14/2020,1243.199951,1248.400024,1215,1219.349976,1214.095337,7344429
2/17/2020,1225,1233,1214.449951,1217.150024,1211.904907,5076345
2/18/2020,1216.900024,1218.5,1203.5,1213.25,1208.021729,5264558
2/19/2020,1222.5,1230,1213.900024,1227.199951,1221.911499,5006134
2/20/2020,1230,1230,1214.099976,1217.099976,1211.855103,5561707
2/24/2020,1208.949951,1214.75,1200,1209.949951,1204.73584,8284042
2/25/2020,1204,1209,1198,1200.300049,1195.127563,6943340
2/26/2020,1197.5,1204.699951,1185.650024,1199.25,1194.082031,6907393
2/27/2020,1195,1202.5,1181,1199.449951,1194.281128,10327549
2/28/2020,1175.5,1185,1170.099976,1177.650024,1172.575073,12156528
3/2/2020,1200.199951,1201.150024,1166.150024,1179.599976,1174.516602,7332449
3/3/2020,1175,1185.349976,1168,1181.800049,1176.707275,11184775
3/4/2020,1178.349976,1180,1133.099976,1148.849976,1143.89917,17144435
3/5/2020,1153,1165,1142.75,1151.349976,1146.388428,9774854
3/6/2020,1125,1140.900024,1101,1134.900024,1130.009277,11526783
3/9/2020,1110,1118.400024,1065,1107.300049,1102.52832,17210295
3/11/2020,1105,1120,1092,1113.800049,1109.000244,17769120
3/12/2020,1075,1080,1003.450012,1021.299988,1016.898865,29500385
3/13/2020,980.049988,1081.449951,919.200012,1069.800049,1065.189941,33171182
3/16/2020,1035,1037,995,999.5,995.19281,15993161
3/17/2020,1008,1010,954.700012,975.099976,970.897949,21338419
3/18/2020,985,993,865,876.900024,873.121155,30590703
3/19/2020,847,919.950012,795,895.549988,891.690735,33610024
3/20/2020,875,914.599976,824.549988,882.849976,879.045471,44318732
3/23/2020,794.599976,838.75,765,771.549988,768.225098,25138477
3/24/2020,795.25,810,738.75,767.700012,764.391724,30528636
3/25/2020,770.450012,867.450012,755.25,856.75,853.057983,23614021
3/26/2020,870.099976,937.700012,841,901.099976,897.216797,28521578
3/27/2020,944.950012,988.650024,872.099976,904.450012,900.552429,27617968
3/30/2020,880,887,828,831.650024,828.066162,19634222
3/31/2020,853.799988,873.599976,838,861.900024,858.185791,17605546
4/1/2020,863.849976,863.849976,820,829.650024,826.074768,14551752
4/3/2020,843,844,810,813.849976,810.342834,17498140
4/7/2020,874,907.299988,845.349976,896.099976,892.238342,30206319
4/8/2020,879.950012,945,866.099976,888.900024,885.069458,28109676
4/9/2020,913,930.900024,890,925.049988,921.063599,22228573
4/13/2020,934,946.700012,886.200012,895.349976,891.491577,17079028
4/15/2020,930.5,930.5,843,863.299988,859.579712,28989376
4/16/2020,865,890.700012,856.25,879.75,875.958862,26927198
4/17/2020,915,920,887.25,910.299988,906.377197,27941731
4/20/2020,951,960.950012,935,944.849976,940.778259,33116493
4/21/2020,925,934,908,921.650024,917.678284,16589003
4/22/2020,919.150024,933,907.299988,928.599976,924.598328,19144677
4/23/2020,935,958.5,912.549988,954.950012,950.834778,20450611
4/24/2020,933,958.400024,926,938.049988,934.007568,16642284
4/27/2020,945.150024,957.400024,926.299988,929.700012,925.693604,13710536
4/28/2020,943.799988,943.799988,922,931.400024,927.386292,14720718
4/29/2020,935,992.700012,934.099976,977.099976,972.889282,27938889
4/30/2020,1001.400024,1019,992.099976,1001.799988,997.482849,21896567
5/4/2020,957.5,960,917.5,923,919.022461,13361162
5/5/2020,938,944,908.049988,911.450012,907.522278,14836429
5/6/2020,919,950,905.650024,946.400024,942.321655,16892923
5/7/2020,940.5,943.299988,921.349976,925,921.013855,10915865
5/8/2020,942,943.950012,925.200012,929.049988,925.046387,10403742
5/11/2020,937,954,914,915.799988,911.853455,14275392
5/12/2020,901,909.400024,871.099976,901.549988,897.664917,24784209
5/13/2020,951,960,922.099976,927.650024,923.652466,22173483
5/14/2020,898,911,890,893.700012,889.848755,19777445
5/15/2020,890.5,892.400024,875,888.150024,884.322693,12174814
5/18/2020,888,888,831.299988,836.650024,833.044617,23324982
5/19/2020,860.849976,867.299988,826.099976,830.650024,827.070435,23730346
5/20/2020,836.450012,864,832.200012,857.099976,853.406433,20007153
5/21/2020,861.450012,884,852.299988,859.549988,855.845886,24239454
5/22/2020,850,870.299988,833.049988,838.849976,835.235046,21023716
5/26/2020,857,871.75,848.75,852.400024,848.726746,19002576
5/27/2020,859.900024,909.799988,857.150024,903.650024,899.755859,28012877
5/28/2020,920,950,913.950012,945.25,941.176575,37744403
5/29/2020,944,955,923.450012,951.650024,947.549011,26512583
6/1/2020,975,995,966.099976,987.650024,983.39386,19595115
6/2/2020,986.700012,1005,975.200012,1001,996.68634,20811797
6/3/2020,1020,1046.25,1015.450012,1022.25,1017.844788,25273044
6/4/2020,1028.050049,1038.949951,991.099976,1001.700012,997.383301,27137941
6/5/2020,1003.099976,1042.400024,1002.799988,1033.349976,1028.896851,17597992
6/8/2020,1060,1066.650024,1006.400024,1015.900024,1011.522156,24906332
6/9/2020,1020,1026.75,979.549988,987.299988,983.045349,30922073
6/10/2020,990,999.849976,978.200012,991.849976,987.575745,18248865
6/11/2020,985,988.400024,965,968.599976,964.425903,15448857
6/12/2020,928,986.650024,928,982.75,978.514954,21322438
6/15/2020,968,974,943,949.849976,945.756714,16004968
6/16/2020,975,993.950012,952,990.400024,986.132019,22699985
6/17/2020,989,998.900024,973.25,979.25,975.03009,18478919
6/18/2020,980,1024.900024,972,1019.950012,1015.554688,20435063
6/19/2020,1017.950012,1043,1012.150024,1033.349976,1028.896851,23938876
6/22/2020,1039.449951,1045.949951,1023.799988,1028.75,1024.316772,14847237
6/23/2020,1039,1045,1016.549988,1042.300049,1037.80835,14415256
6/24/2020,1048.5,1057.5,1030.050049,1032.5,1028.050537,19714623
6/25/2020,1021.900024,1049,1007,1028.75,1024.316772,35323395
6/26/2020,1041,1063,1028,1056.449951,1051.897339,19984569
6/29/2020,1037,1082.599976,1037,1076.050049,1071.412964,23002978
6/30/2020,1074,1078.550049,1056.300049,1065.849976,1061.256836,17873065
7/1/2020,1065.849976,1096,1061.300049,1084.599976,1079.926025,17423359
7/2/2020,1090.300049,1111.25,1085.199951,1089.400024,1084.705444,18477248
7/3/2020,1093,1095.800049,1070,1073.949951,1069.321899,13798627
7/6/2020,1107.949951,1119.900024,1100,1103,1098.246826,17779108
7/7/2020,1109.400024,1111.699951,1093.050049,1105.150024,1100.387573,12174925
7/8/2020,1107,1124.900024,1105,1110.349976,1105.565063,15028175
7/9/2020,1118,1129.699951,1107.25,1124.949951,1120.102173,10057242
7/10/2020,1117.900024,1120,1099.550049,1105.099976,1100.337646,8781489
7/13/2020,1109.900024,1113,1071.300049,1080.25,1075.594849,14961057
7/14/2020,1062.599976,1068.900024,1050,1058.849976,1054.286987,13306337
7/15/2020,1070.199951,1079,1050.099976,1053.150024,1048.611572,10487197
7/16/2020,1053.650024,1065.5,1034.099976,1062.550049,1057.971191,11831228
7/17/2020,1059.050049,1104,1058.300049,1098.449951,1093.716309,14202869
7/20/2020,1135,1152.900024,1124.150024,1133.050049,1128.167358,32562048
7/21/2020,1152.050049,1157.949951,1134,1138.550049,1133.643677,23756211
7/22/2020,1138.5,1144.5,1117.550049,1126.349976,1121.496094,12359006
7/23/2020,1125,1143.900024,1116.25,1130.400024,1125.528687,10074561
7/24/2020,1122.900024,1122.900024,1101.25,1119.099976,1114.277344,9799220
7/27/2020,1099.849976,1103,1075.349976,1079.5,1074.848022,18985047
7/28/2020,1079,1094.400024,1059.5,1086.650024,1081.967285,17798225
7/29/2020,1081,1088.5,1055.550049,1064.599976,1060.012207,16796043
7/30/2020,1074,1083.650024,1046.699951,1050.650024,1046.122437,13478133
7/31/2020,1057.699951,1057.699951,1020.049988,1032.800049,1028.349365,18863348
8/3/2020,1025.949951,1026.949951,993,1002,997.682007,15891771
8/4/2020,1008,1061.050049,1003,1041.650024,1037.161133,30153084
8/5/2020,1047.949951,1055.800049,1020,1027.550049,1023.121948,16610680
8/6/2020,1037,1055,1026.25,1040.699951,1036.21521,16823444
8/7/2020,1034.849976,1047.199951,1020.599976,1043.849976,1039.351685,12418392
8/10/2020,1044,1064,1043.800049,1050.650024,1046.122437,11086427
8/11/2020,1048.5,1071,1048.5,1066.650024,1062.053467,10068074
8/12/2020,1065,1066,1048,1063.699951,1059.116089,10333216
8/13/2020,1067.949951,1071.349976,1056.5,1059.050049,1054.486206,9946370
8/14/2020,1065.900024,1065.900024,1027.300049,1034.449951,1029.992188,10462256
8/17/2020,1047,1047,1020.200012,1032.75,1028.299561,9780506
8/18/2020,1028,1061.650024,1022,1056.5,1051.947144,12020412
8/19/2020,1065,1069.800049,1056.25,1066.599976,1062.003662,8857812
8/20/2020,1054.949951,1068.949951,1052,1059,1054.436401,9608367
8/21/2020,1065.400024,1088.800049,1064.599976,1085.650024,1080.971558,14462151
8/24/2020,1086,1122.949951,1085.650024,1117.050049,1112.236328,18389870
8/25/2020,1119,1127,1106.199951,1119.699951,1114.874756,13800869
8/26/2020,1121,1131.75,1109.5,1118.449951,1113.630127,12595031
8/27/2020,1125.800049,1129.900024,1106.25,1112.099976,1107.307495,10322998
8/28/2020,1111.949951,1125,1095,1114.5,1109.697266,19348305
8/31/2020,1129.5,1148.800049,1100.699951,1115.849976,1111.041382,19250583
9/1/2020,1128,1143.599976,1108,1127.300049,1122.442139,14438942
9/2/2020,1124.099976,1139,1120.699951,1134.150024,1129.262573,9880841
9/3/2020,1137.25,1145.949951,1128,1130.900024,1126.026611,9916681
9/4/2020,1110,1125.400024,1104.400024,1119.300049,1114.476563,11830685
9/7/2020,1116.300049,1119.5,1099,1110.5,1105.714478,8807733
9/8/2020,1114,1118.800049,1103,1112.449951,1107.656006,7312459
9/9/2020,1101,1110,1091.25,1096.5,1091.77478,7864436
9/10/2020,1103,1104.849976,1084,1090.550049,1085.850464,7594044
9/11/2020,1096.449951,1104.849976,1071,1078.650024,1074.001709,10397365
9/14/2020,1088,1094,1052.349976,1057.949951,1053.390869,10825295
9/15/2020,1068,1076.150024,1058.099976,1070.5,1065.886841,8252555
9/16/2020,1070.199951,1096,1068.349976,1093.650024,1088.937134,9355056
9/17/2020,1084,1094,1078,1083.599976,1078.930298,9159343
9/18/2020,1092,1092.199951,1047.199951,1057.300049,1052.743774,11740889
9/21/2020,1055,1071.349976,1041.5,1049.300049,1044.778198,9921439
9/22/2020,1054.050049,1058.150024,1029.5,1035.400024,1030.93811,9310339
9/23/2020,1046,1055,1034.349976,1047.25,1042.737061,8039914
9/24/2020,1038,1047,1025,1030.400024,1025.959717,9904755
9/25/2020,1050,1051.949951,1025.650024,1044,1039.500977,10160772
9/28/2020,1048.949951,1059,1042.650024,1054.199951,1049.656982,8076211
9/29/2020,1058,1069.900024,1051,1062.550049,1057.971191,6322223
9/30/2020,1060,1086.900024,1052,1078.599976,1073.951904,9406921
10/1/2020,1090.099976,1110,1090.099976,1106.949951,1102.179688,10601540
10/5/2020,1112,1132,1111,1114.349976,1109.547852,8470063
10/6/2020,1135.050049,1148,1126.199951,1144.099976,1139.169678,9685995
10/7/2020,1144.900024,1164.849976,1137.599976,1162.25,1157.241455,10624389
10/8/2020,1180,1203,1163.349976,1191.800049,1186.664185,17530337
10/9/2020,1201,1237,1191.650024,1233.550049,1228.234253,22486194
10/12/2020,1231.550049,1242.75,1205.599976,1213.650024,1208.419922,9610273
10/13/2020,1213.400024,1222.449951,1195,1198.449951,1193.2854,9176976
10/14/2020,1195.550049,1214.300049,1175.5,1211.5,1206.279175,11291459
10/15/2020,1214.199951,1217,1164,1169.25,1164.211304,14123448
10/16/2020,1180,1203.5,1173,1199.349976,1194.181519,12911424
10/19/2020,1235,1235,1192.599976,1203.550049,1198.363525,21179778
10/20/2020,1207.5,1227.400024,1205.900024,1223.949951,1218.675537,13705989
10/21/2020,1230.599976,1251,1221.699951,1246.699951,1241.327515,17820376
10/22/2020,1239.949951,1250,1223,1233.300049,1227.985352,10956530
10/23/2020,1243.5,1248.449951,1231.199951,1235.800049,1230.474487,7933115
10/26/2020,1229.800049,1242,1204.599976,1210.900024,1205.681885,9785988
10/27/2020,1226,1236,1197.849976,1233.099976,1227.786133,12158890
10/28/2020,1228,1232,1201.5,1209.599976,1204.387329,8285593
10/29/2020,1200.599976,1204.449951,1178.5,1187.199951,1182.083862,11530012
10/30/2020,1182.550049,1199.300049,1176.349976,1183.550049,1178.449707,5761358
11/2/2020,1194.349976,1225,1177.5,1215.25,1210.013062,10963040
11/3/2020,1226.449951,1250.75,1225.5,1247.949951,1242.572144,14082115
11/4/2020,1252,1264.800049,1230,1257.400024,1251.981445,11702411
11/5/2020,1266,1276,1252.349976,1269.199951,1263.730469,10716964
11/6/2020,1266.25,1310,1265.5,1307.650024,1302.014893,17852862
11/9/2020,1315.199951,1345.949951,1315.199951,1340.550049,1334.773193,13144220
11/10/2020,1357,1395,1351.550049,1393.650024,1387.644287,20758678
11/11/2020,1399.900024,1414.800049,1370.5,1389.949951,1383.960205,18058097
11/12/2020,1377.400024,1388.550049,1360,1371.699951,1365.788818,13526974
11/13/2020,1368.800049,1368.800049,1347,1358.800049,1352.944458,11236240
11/17/2020,1385.800049,1412.599976,1380.599976,1408.449951,1402.380493,15529950
11/18/2020,1403,1419,1399.050049,1408.699951,1402.629395,9431388
11/19/2020,1389.699951,1399.449951,1368,1374.349976,1368.427368,10133441
11/20/2020,1372.650024,1408.400024,1365.050049,1403.650024,1397.601196,10202681
11/23/2020,1415,1423.650024,1375.349976,1394.599976,1388.590088,12623318
11/24/2020,1408,1445,1402.050049,1438.199951,1432.002197,20077200
11/25/2020,1451.300049,1464.400024,1397,1402.800049,1396.754883,12076301
11/26/2020,1415,1432,1387,1426.650024,1420.502075,13971563
11/27/2020,1431.800049,1446,1415.550049,1440.849976,1434.640869,8997290
12/1/2020,1440.849976,1449,1425.5,1433.300049,1427.123413,8573787
12/2/2020,1431,1431.800049,1394.800049,1406.949951,1400.886963,8946075
12/3/2020,1429,1432,1374.050049,1377.199951,1371.265137,18966611
12/4/2020,1381,1401.449951,1373.300049,1385.599976,1379.628906,13456161
12/7/2020,1375,1379.949951,1358.099976,1372.25,1366.336426,12158159
12/8/2020,1375,1388.800049,1365.150024,1376.300049,1370.369141,9728948
12/9/2020,1377,1410.050049,1375.050049,1407.199951,1401.135864,11034537
12/10/2020,1398,1402,1375.75,1385.849976,1379.877808,9863983
12/11/2020,1390.050049,1395,1373,1382.800049,1376.841064,10678192
12/14/2020,1383,1388,1368,1372.150024,1366.236938,8611025
12/15/2020,1380.800049,1394.949951,1366,1391.300049,1385.304443,10780718
12/16/2020,1404,1416.800049,1394.5,1410.699951,1404.620728,8416046
12/17/2020,1418.599976,1445,1404.5,1441.800049,1435.586792,10962239
12/18/2020,1435,1439.699951,1406.300049,1411.349976,1405.267944,11497959
12/21/2020,1417.5,1423.849976,1366.699951,1372.650024,1366.734741,11880912
12/22/2020,1384.800049,1384.800049,1345,1373.099976,1367.182739,11425779
12/23/2020,1367.5,1380.949951,1361.050049,1375.650024,1369.721802,7733697
12/24/2020,1389.400024,1404,1377,1397.099976,1391.079346,7476094
12/28/2020,1405,1421,1404,1412.849976,1406.761475,5849597
12/29/2020,1421.050049,1434.75,1420,1427.199951,1421.049683,7247673
12/30/2020,1439.900024,1439.900024,1413,1432.5,1426.326904,8108363
12/31/2020,1435,1444,1425.050049,1436.300049,1430.110474,11072875
1/1/2021,1440,1443,1420.599976,1425.050049,1418.909058,4405469
1/4/2021,1438,1438,1399,1416,1409.897949,7870096
1/5/2021,1419.199951,1430.75,1409,1426.699951,1420.551758,7193412
1/6/2021,1435,1440,1413.099976,1420.550049,1414.428345,11067025
1/7/2021,1432.5,1432.599976,1412.550049,1416.25,1410.146851,9947421
1/8/2021,1432,1442,1423.099976,1431.650024,1425.480591,6884382
1/11/2021,1450,1464.900024,1436.300049,1451.449951,1445.19519,8665696
1/12/2021,1452.449951,1487.699951,1449.099976,1481,1474.617798,10194078
1/13/2021,1492.900024,1496.900024,1462.099976,1470.650024,1464.3125,8467325
1/14/2021,1471.150024,1488,1456,1468.75,1462.420654,6148583
1/15/2021,1469.099976,1471.650024,1445,1466.650024,1460.329712,7082618
1/18/2021,1469.900024,1502.849976,1467,1483.099976,1476.70874,21412816
1/19/2021,1491.800049,1511.650024,1467,1503.849976,1497.369385,8680127
1/20/2021,1501,1501,1486,1492,1485.570435,6673026
1/21/2021,1492,1494.349976,1468.150024,1474.800049,1468.44458,13166527
1/22/2021,1467.900024,1467.900024,1440.150024,1443.550049,1437.329224,7696182
1/25/2021,1465.099976,1481,1455.150024,1462.849976,1456.546021,10172359
1/27/2021,1468,1471.900024,1406.150024,1409.599976,1403.525513,11778138
1/28/2021,1389.900024,1401.300049,1342,1371.449951,1365.539917,21352223
1/29/2021,1391.349976,1408.75,1364.5,1390.5,1384.507813,14352251
2/1/2021,1410.25,1482.5,1401,1476.75,1470.386108,13185272
2/2/2021,1501,1578.5,1497.400024,1560.550049,1553.825073,21210103
2/3/2021,1579,1581.699951,1542,1574.800049,1568.013672,10118627
2/4/2021,1566,1588,1543.449951,1579.099976,1572.295044,12242342
2/5/2021,1548,1618.25,1548,1597.599976,1590.715332,13527358
2/8/2021,1620,1631.650024,1595.699951,1605.25,1598.332397,8723790
2/9/2021,1610,1628,1586.699951,1611.849976,1604.903931,9210683
2/10/2021,1608.349976,1614.849976,1567,1581.75,1574.933716,9894003
2/11/2021,1582,1597.800049,1564.199951,1572.349976,1565.574219,6824309
2/12/2021,1573.900024,1592.5,1573,1581.949951,1575.132813,4955053
2/15/2021,1600.099976,1625,1596.699951,1616.599976,1609.633423,5177622
2/16/2021,1621.199951,1641,1608.449951,1626.650024,1619.640259,6948679
2/17/2021,1620,1621.800049,1583,1586.5,1579.663208,6397213
2/18/2021,1605.949951,1605.949951,1548,1554.300049,1547.602051,7360280
2/19/2021,1545,1564.199951,1533,1539.099976,1532.467407,8569754
2/22/2021,1545.050049,1573.900024,1539.449951,1548,1541.329102,14725919
2/23/2021,1553.75,1557.699951,1522.650024,1529.150024,1522.560425,9119953
2/24/2021,1526.5,1613.949951,1516.25,1606.449951,1599.527222,7157166
2/25/2021,1609.75,1636.25,1602,1606.400024,1599.477417,10054785
2/26/2021,1587.050049,1588.900024,1521,1534.400024,1527.78772,13956423
3/1/2021,1564,1572.550049,1540.699951,1558.900024,1552.182129,6768009
3/2/2021,1575.699951,1587.5,1551,1568.199951,1561.442017,8055019
3/3/2021,1584,1596,1565,1586.849976,1580.011719,5611205
3/4/2021,1548.550049,1571,1539.099976,1552.050049,1545.361694,8145719
3/5/2021,1531,1545.599976,1521.099976,1530,1523.406738,8722911
3/8/2021,1542,1555,1512.5,1519.5,1512.951904,7558525
3/9/2021,1545,1565.699951,1538.25,1562.5,1555.766602,7533348
3/10/2021,1572,1575,1552.150024,1555.75,1549.045776,5527508
3/12/2021,1600,1600,1535.050049,1551.949951,1545.262085,7815602
3/15/2021,1548.400024,1548.400024,1515.300049,1528.650024,1522.0625,6115193
3/16/2021,1530.900024,1540.400024,1510,1512.150024,1505.633667,6861183
3/17/2021,1524.25,1539,1490.199951,1495.349976,1488.906006,10532214
3/18/2021,1511.75,1522.050049,1481.150024,1491,1484.574707,9032770
3/19/2021,1485,1511.199951,1474.050049,1497.5,1491.046753,10617510
3/22/2021,1494.900024,1494.900024,1460.400024,1469.150024,1462.81897,7007816
3/23/2021,1470,1507.449951,1469.099976,1500.150024,1493.685303,9880714
3/24/2021,1490.900024,1506.449951,1471,1478.800049,1472.427368,8184450
3/25/2021,1490.199951,1495.550049,1450.25,1463.349976,1457.043823,11982178
3/26/2021,1494,1499,1474,1491.300049,1484.873535,6010629
3/30/2021,1506.650024,1562.550049,1501.550049,1553.699951,1547.004517,12803822
3/31/2021,1548,1548,1488,1493.650024,1487.213379,15387253
4/1/2021,1499.400024,1499.400024,1465,1486.75,1480.343018,17881881
4/5/2021,1480,1485,1431,1449.599976,1443.353149,8003293
4/6/2021,1460,1462.650024,1432.650024,1440.25,1434.043457,7537867
4/7/2021,1439.300049,1456.699951,1421.550049,1447.199951,1440.963501,12544090
4/8/2021,1453,1460.900024,1430.5,1432.800049,1426.62561,8806796
4/9/2021,1426,1432.800049,1415.099976,1421.75,1415.623169,14078908
4/12/2021,1393,1399,1353,1367.050049,1361.158936,11274564
4/13/2021,1368,1406.449951,1361,1400.349976,1394.31543,9300341
4/15/2021,1405,1436.699951,1391,1430.099976,1423.937134,17222492
4/16/2021,1434.949951,1445,1423.5,1428.650024,1422.493408,7803263
4/19/2021,1390,1417.699951,1372.300049,1412.400024,1406.313477,12034621
4/20/2021,1425,1426.400024,1383.949951,1391.400024,1385.403931,11593135
4/22/2021,1380,1426.800049,1371.050049,1422.5,1416.369995,19242656
4/23/2021,1409,1434.599976,1400.199951,1414.150024,1408.055908,11356764
4/26/2021,1413,1429,1402.75,1404.800049,1398.746216,15085476
4/27/2021,1407.25,1442,1404.800049,1438.699951,1432.500122,10296453
4/28/2021,1436.25,1479,1431,1476.800049,1470.436035,12051970
4/29/2021,1486.199951,1503.650024,1461,1472.5,1466.154419,12039276
4/30/2021,1445,1453.800049,1407.5,1412.300049,1406.213989,17616451
5/3/2021,1393,1421.900024,1377.300049,1414.449951,1408.354614,11236850
5/4/2021,1409.949951,1423,1383.300049,1388.349976,1382.367065,10743164
5/5/2021,1401,1409.599976,1381.699951,1402.599976,1396.555664,7210806
5/6/2021,1407.599976,1410.800049,1395,1400.900024,1394.863037,5738522
5/7/2021,1412.949951,1424.949951,1410.25,1414.75,1408.65332,6024167
5/10/2021,1427,1430,1412.800049,1419.849976,1413.731323,5530025
5/11/2021,1396,1424.199951,1395.050049,1403.550049,1397.501709,7259517
5/12/2021,1399.75,1408.599976,1388.849976,1399.5,1393.469116,6887463
5/14/2021,1394.349976,1398.900024,1382.349976,1386.849976,1380.873535,5302071
5/17/2021,1395.150024,1442.599976,1381.300049,1440.25,1434.043457,7560346
5/18/2021,1458.949951,1482.75,1455,1476.699951,1470.336304,11082640
5/19/2021,1470.199951,1478.849976,1452.550049,1458.199951,1451.916016,5065458
5/20/2021,1458.349976,1465.900024,1428.5,1432.800049,1426.62561,5342092
5/21/2021,1443,1501.900024,1443,1497.300049,1490.847656,9670823
5/24/2021,1503.25,1520.449951,1498.5,1509.949951,1503.442993,11073051
5/25/2021,1510.5,1513.75,1470.5,1478.949951,1472.57666,9618487
5/26/2021,1480,1487,1470,1477.050049,1470.684937,6141995
5/27/2021,1473.099976,1489,1462.449951,1482.650024,1476.260742,10219748
5/28/2021,1490.900024,1513,1478.75,1503.449951,1496.971069,8875010
5/31/2021,1500,1519.5,1487.5,1515.849976,1509.317627,7830527
6/1/2021,1520.300049,1527,1507.25,1511.699951,1505.185547,5515081
6/2/2021,1510,1510.199951,1493,1504,1497.518677,5312008
6/3/2021,1508,1524.949951,1487.75,1520.550049,1513.997437,5143630
6/4/2021,1516,1520.650024,1499.199951,1500.949951,1494.481812,4712238
6/7/2021,1510,1514,1496,1499.849976,1493.386597,4045834
6/8/2021,1496.550049,1501.300049,1481.5,1483.050049,1476.659058,4936270
6/9/2021,1483.900024,1502,1472.050049,1480.300049,1473.920898,5111721
6/10/2021,1482.099976,1489,1473.650024,1481.050049,1474.667725,5741770
6/11/2021,1491,1496.550049,1481.050049,1486.349976,1479.944824,3602987
6/14/2021,1478.25,1486,1462.550049,1479.449951,1473.074463,4440982
6/15/2021,1486,1496,1474.800049,1490.25,1483.828003,3784801
6/16/2021,1488,1494,1478.099976,1484.599976,1478.202271,3851049
6/17/2021,1466,1478.75,1460,1466.099976,1459.781982,4641901
6/18/2021,1469.5,1490,1455,1479.800049,1473.423096,5969030
6/21/2021,1461.349976,1491.800049,1459,1488.699951,1482.284668,3630236
6/22/2021,1497,1508,1480,1483.800049,1477.405884,7183412
6/23/2021,1490,1497.800049,1478.599976,1485.5,1479.098511,3922434
6/24/2021,1490,1513.449951,1488,1506.25,1499.759033,7392512
6/25/2021,1511.099976,1522,1507,1515.099976,1508.570923,5191588
6/28/2021,1520,1523,1505,1508.349976,1501.849976,4678393
6/29/2021,1507,1508.199951,1492.150024,1502.050049,1502.050049,5485846
6/30/2021,1498,1509,1494.099976,1497.900024,1497.900024,4839511
7/1/2021,1502,1502,1483,1486.75,1486.75,8455721
7/2/2021,1485,1489.25,1477,1480.400024,1480.400024,7413518
7/5/2021,1489.949951,1504.5,1484.550049,1495.449951,1495.449951,3686941
7/6/2021,1497,1540,1496,1534.699951,1534.699951,8834516
7/7/2021,1534,1545.349976,1527.699951,1539.5,1539.5,4814595
7/8/2021,1525,1537.699951,1513.449951,1520.449951,1520.449951,4210461
7/9/2021,1512.550049,1516,1497.5,1502,1502,5347921
7/12/2021,1502,1502,1484,1487,1487,7229489
7/13/2021,1496.099976,1506.099976,1484.099976,1501.849976,1501.849976,9089071
7/14/2021,1497.5,1507.349976,1491.099976,1499.150024,1499.150024,4894247
7/15/2021,1505,1526.75,1499.650024,1520.699951,1520.699951,5219401
7/16/2021,1527.949951,1529.949951,1518.800049,1522.349976,1522.349976,2585314
7/19/2021,1487,1488.849976,1466,1471,1471,12555800
7/20/2021,1442,1454,1436.150024,1443.150024,1443.150024,12087125
7/22/2021,1456.099976,1468.5,1445,1448.699951,1448.699951,6603557
7/23/2021,1451.5,1457.449951,1435.300049,1442.75,1442.75,6563342
7/26/2021,1430,1444,1428.099976,1434.550049,1434.550049,6583583
7/27/2021,1436.099976,1449.900024,1436.099976,1439.75,1439.75,11200715
7/28/2021,1435.050049,1438.699951,1404,1417.300049,1417.300049,10335171
7/29/2021,1428.25,1429.949951,1413.300049,1418.25,1418.25,6851115
7/30/2021,1419,1431.75,1407.949951,1426.449951,1426.449951,5827744
8/2/2021,1435,1435,1416.25,1422.650024,1422.650024,6629393
8/3/2021,1410,1439.900024,1410,1434.699951,1434.699951,6016560
8/4/2021,1441,1474.5,1440,1465.300049,1465.300049,11026974
8/5/2021,1467.099976,1507.050049,1457.400024,1484.849976,1484.849976,9411204
8/6/2021,1483.550049,1500,1474,1492.650024,1492.650024,6669635
8/9/2021,1492,1507.349976,1476,1503.900024,1503.900024,5499024
8/10/2021,1489,1519.75,1489,1507.650024,1507.650024,7419173
8/11/2021,1514.900024,1518.849976,1491.050049,1494.949951,1494.949951,6292893
8/12/2021,1497,1507.599976,1489.300049,1501.400024,1501.400024,4298837
8/13/2021,1501.199951,1531,1501,1526.199951,1526.199951,8329214
8/16/2021,1526.150024,1535,1521.449951,1530.599976,1530.599976,3126389
8/17/2021,1517.199951,1524,1505.300049,1514.650024,1514.650024,4141333
8/18/2021,1556.699951,1565.349976,1508.349976,1513,1513,11492966
8/20/2021,1486.050049,1519.800049,1486.050049,1514.75,1514.75,6575203
8/23/2021,1529.849976,1533.150024,1508.650024,1524.599976,1524.599976,5421527
8/24/2021,1530,1564.5,1527.449951,1558.849976,1558.849976,9190657
8/25/2021,1552.099976,1564.800049,1548,1557.400024,1557.400024,3863987
8/26/2021,1550,1571,1543.449951,1554.800049,1554.800049,5559501
8/27/2021,1552,1558.650024,1545.25,1548.449951,1548.449951,3191069
8/30/2021,1555.599976,1570,1551.599976,1568.25,1568.25,4524583
8/31/2021,1563.5,1583.349976,1562.199951,1581.400024,1581.400024,6031288
9/1/2021,1575,1598,1574.5,1579.099976,1579.099976,6211279
9/2/2021,1574.099976,1592,1571.25,1589,1589,4809262
9/3/2021,1586.099976,1598,1568.300049,1576.050049,1576.050049,5367667
9/6/2021,1579.949951,1580.949951,1561.949951,1565.699951,1565.699951,3938448
9/7/2021,1562.5,1582,1555.199951,1569.25,1569.25,3622748
9/8/2021,1571.949951,1580.5,1565.599976,1576.400024,1576.400024,3362040
9/9/2021,1574,1579.449951,1561,1568.599976,1568.599976,4125474
9/13/2021,1562,1584,1553.650024,1555.550049,1555.550049,4479582
9/14/2021,1560,1564.5,1546.599976,1548.550049,1548.550049,4879253
9/15/2021,1535,1554.800049,1535,1546.800049,1546.800049,7411499
9/16/2021,1537.75,1564.300049,1536.300049,1559.949951,1559.949951,5130275
9/17/2021,1569,1589,1559.199951,1582.150024,1582.150024,10249051
9/20/2021,1564,1581.699951,1558,1559.849976,1559.849976,4390805
9/21/2021,1562,1568.650024,1528.949951,1551.949951,1551.949951,7387498
9/22/2021,1549,1550.150024,1530,1533.699951,1533.699951,5291101
9/23/2021,1542,1572,1542,1570,1570,6832152
9/24/2021,1579,1607.949951,1575,1601.550049,1601.550049,10403351
9/27/2021,1615.699951,1635.5,1608,1625.099976,1625.099976,8207731
9/28/2021,1632,1632,1582,1615.050049,1615.050049,6386895
9/29/2021,1597,1606.599976,1585.150024,1593.849976,1593.849976,8131518
9/30/2021,1586,1606.349976,1583.099976,1594.949951,1594.949951,7987674
10/1/2021,1583,1589,1565.25,1582.699951,1582.699951,5564298
10/4/2021,1589,1601.349976,1583.599976,1585.75,1585.75,3525514
10/5/2021,1592,1597.5,1576.25,1595.449951,1595.449951,5128589
10/6/2021,1596,1626.849976,1587,1614.900024,1614.900024,9300415
10/7/2021,1626.599976,1627.699951,1607,1610.5,1610.5,5632862
10/8/2021,1612,1622,1600.150024,1602.650024,1602.650024,3622781
10/11/2021,1599.900024,1645,1599,1633.800049,1633.800049,6540424
10/12/2021,1625,1641.550049,1625,1629.599976,1629.599976,4088473
10/13/2021,1637,1648,1630,1639.400024,1639.400024,3112822
10/14/2021,1638,1690,1638,1687.400024,1687.400024,7378644
10/18/2021,1705,1725,1667.050049,1670.300049,1670.300049,14428228
10/19/2021,1675.449951,1692.449951,1671,1688.699951,1688.699951,4493770
10/20/2021,1689.099976,1698.75,1664.449951,1673.849976,1673.849976,5454284
10/21/2021,1671.800049,1681.949951,1660.849976,1676.300049,1676.300049,4869095
10/22/2021,1680.099976,1708,1670.75,1680.75,1680.75,6087777
10/25/2021,1690,1690,1613.800049,1657,1657,8213383
10/26/2021,1650,1673.849976,1646.349976,1652.75,1652.75,6045328
10/27/2021,1652.75,1665.050049,1637.300049,1642.800049,1642.800049,6624821
10/28/2021,1650,1650,1587.150024,1593.599976,1593.599976,8898875
10/29/2021,1590,1602,1560,1582.849976,1582.849976,6203437
11/1/2021,1585,1611,1583.550049,1605.300049,1605.300049,4061160
11/2/2021,1606,1622,1600.050049,1606.75,1606.75,6618861
11/3/2021,1605.099976,1609.900024,1575.550049,1581.449951,1581.449951,5103669
11/8/2021,1592.099976,1604.699951,1570.449951,1600.25,1600.25,9471790
11/9/2021,1594.599976,1594.599976,1569.050049,1572.25,1572.25,6347738
11/10/2021,1568,1569,1550,1555.25,1555.25,6857063
11/11/2021,1550.050049,1554.900024,1535.599976,1548.300049,1548.300049,3999702
11/12/2021,1550,1559.050049,1545.050049,1553,1553,7457046
11/15/2021,1562.099976,1571.849976,1554.400024,1557.25,1557.25,4766797
11/16/2021,1555,1557.199951,1541.599976,1548,1548,4122703
11/17/2021,1536.900024,1544,1528.5,1530.800049,1530.800049,3799439
11/18/2021,1526.050049,1543.5,1525.25,1539.400024,1539.400024,4576437
11/22/2021,1546,1552.699951,1499.050049,1515.349976,1515.349976,7630636
11/23/2021,1502,1527.800049,1496.349976,1515.550049,1515.550049,5617607
11/24/2021,1524,1536.349976,1514.050049,1518.050049,1518.050049,15401143
11/25/2021,1514.800049,1533.300049,1507,1525.949951,1525.949951,5124133
